T1,T2,char
0.00E+00,0.00E+00,32
0.00E+00,0.00E+00,32
0.00E+00,0.00E+00,32
0.00E+00,0.00E+00,32
0.00E+00,0.00E+00,32
0.00E+00,0.00E+00,32
0.00E+00,0.00E+00,32
0.00E+00,0.00E+00,32
0.00E+00,0.00E+00,32
0.00E+00,0.00E+00,32
0.00E+00,0.00E+00,32
0.00E+00,0.00E+00,32
0.00E+00,0.00E+00,32
0.00E+00,0.00E+00,32
0.00E+00,0.00E+00,32
0.00E+00,0.00E+00,32
0.00E+00,0.00E+00,32
0.00E+00,0.00E+00,32
0.00E+00,0.00E+00,32
0.00E+00,0.00E+00,32
0.00E+00,0.00E+00,32
0.00E+00,0.00E+00,32
0.00E+00,0.00E+00,32
0.00E+00,0.00E+00,32
0.00E+00,0.00E+00,32
0.00E+00,0.00E+00,32
0.00E+00,0.00E+00,32
0.00E+00,0.00E+00,32
0.00E+00,0.00E+00,32
0.00E+00,0.00E+00,32
0.00E+00,0.00E+00,32
0.00E+00,0.00E+00,32
0.00E+00,0.00E+00,32
0.00E+00,0.00E+00,32
0.00E+00,0.00E+00,32
0.00E+00,0.00E+00,32
0.00E+00,0.00E+00,32
0.00E+00,0.00E+00,32
0.00E+00,0.00E+00,32
0.00E+00,0.00E+00,32
0.00E+00,0.00E+00,32
0.00E+00,0.00E+00,32
0.00E+00,0.00E+00,32
0.00E+00,0.00E+00,32
0.00E+00,0.00E+00,32
0.00E+00,0.00E+00,32
0.00E+00,0.00E+00,32
0.00E+00,0.00E+00,32
0.00E+00,0.00E+00,32
0.00E+00,0.00E+00,32
0.00E+00,0.00E+00,32
0.00E+00,0.00E+00,a
0.00E+00,0.00E+00,a
0.00E+00,0.00E+00,a
0.00E+00,0.00E+00,a
0.00E+00,0.00E+00,a
0.00E+00,0.00E+00,a
0.00E+00,0.00E+00,a
0.00E+00,0.00E+00,a
0.00E+00,0.00E+00,a
0.00E+00,0.00E+00,a
0.00E+00,0.00E+00,a
0.00E+00,0.00E+00,a
0.00E+00,0.00E+00,a
0.00E+00,0.00E+00,a
0.00E+00,0.00E+00,a
0.00E+00,0.00E+00,a
0.00E+00,0.00E+00,a
0.00E+00,0.00E+00,a
0.00E+00,0.00E+00,a
0.00E+00,0.00E+00,a
0.00E+00,0.00E+00,a
0.00E+00,0.00E+00,a
0.00E+00,0.00E+00,a
0.00E+00,0.00E+00,a
0.00E+00,0.00E+00,a
0.00E+00,0.00E+00,a
0.00E+00,0.00E+00,a
0.00E+00,0.00E+00,a
0.00E+00,0.00E+00,a
0.00E+00,0.00E+00,a
0.00E+00,0.00E+00,a
0.00E+00,0.00E+00,a
0.00E+00,0.00E+00,a
0.00E+00,0.00E+00,a
0.00E+00,0.00E+00,a
0.00E+00,0.00E+00,a
0.00E+00,0.00E+00,a
0.00E+00,0.00E+00,a
0.00E+00,0.00E+00,a
0.00E+00,0.00E+00,a
0.00E+00,0.00E+00,a
0.00E+00,0.00E+00,a
0.00E+00,0.00E+00,a
0.00E+00,0.00E+00,a
0.00E+00,0.00E+00,a
0.00E+00,0.00E+00,a
0.00E+00,0.00E+00,a
0.00E+00,0.00E+00,a
0.00E+00,0.00E+00,a
0.00E+00,0.00E+00,a
0.00E+00,0.00E+00,a
0.00E+00,0.00E+00,b
0.00E+00,0.00E+00,b
0.00E+00,0.00E+00,b
0.00E+00,0.00E+00,b
0.00E+00,0.00E+00,b
0.00E+00,0.00E+00,b
0.00E+00,0.00E+00,b
0.00E+00,0.00E+00,b
0.00E+00,0.00E+00,b
0.00E+00,0.00E+00,b
0.00E+00,0.00E+00,b
0.00E+00,0.00E+00,b
0.00E+00,0.00E+00,b
0.00E+00,0.00E+00,b
0.00E+00,0.00E+00,b
0.00E+00,0.00E+00,b
0.00E+00,0.00E+00,b
0.00E+00,0.00E+00,b
0.00E+00,0.00E+00,b
0.00E+00,0.00E+00,b
0.00E+00,0.00E+00,b
0.00E+00,0.00E+00,b
0.00E+00,0.00E+00,b
0.00E+00,0.00E+00,b
0.00E+00,0.00E+00,b
0.00E+00,0.00E+00,b
0.00E+00,0.00E+00,b
0.00E+00,0.00E+00,b
0.00E+00,0.00E+00,b
0.00E+00,0.00E+00,b
0.00E+00,0.00E+00,b
0.00E+00,0.00E+00,b
0.00E+00,0.00E+00,b
0.00E+00,0.00E+00,b
0.00E+00,0.00E+00,b
0.00E+00,0.00E+00,b
0.00E+00,0.00E+00,b
0.00E+00,0.00E+00,b
0.00E+00,0.00E+00,b
0.00E+00,0.00E+00,b
0.00E+00,0.00E+00,b
0.00E+00,0.00E+00,b
0.00E+00,0.00E+00,b
0.00E+00,0.00E+00,b
0.00E+00,0.00E+00,b
0.00E+00,0.00E+00,b
0.00E+00,0.00E+00,b
0.00E+00,0.00E+00,b
0.00E+00,0.00E+00,b
0.00E+00,0.00E+00,b
0.00E+00,0.00E+00,b
0.00E+00,0.00E+00,c
0.00E+00,0.00E+00,c
0.00E+00,0.00E+00,c
0.00E+00,0.00E+00,c
0.00E+00,0.00E+00,c
0.00E+00,0.00E+00,c
0.00E+00,0.00E+00,c
0.00E+00,0.00E+00,c
0.00E+00,0.00E+00,c
0.00E+00,0.00E+00,c
0.00E+00,0.00E+00,c
0.00E+00,0.00E+00,c
0.00E+00,0.00E+00,c
0.00E+00,0.00E+00,c
0.00E+00,0.00E+00,c
0.00E+00,0.00E+00,c
0.00E+00,0.00E+00,c
0.00E+00,0.00E+00,c
0.00E+00,0.00E+00,c
0.00E+00,0.00E+00,c
0.00E+00,0.00E+00,c
0.00E+00,0.00E+00,c
0.00E+00,0.00E+00,c
0.00E+00,0.00E+00,c
0.00E+00,0.00E+00,c
0.00E+00,0.00E+00,c
0.00E+00,0.00E+00,c
0.00E+00,0.00E+00,c
0.00E+00,0.00E+00,c
0.00E+00,0.00E+00,c
0.00E+00,0.00E+00,c
0.00E+00,0.00E+00,c
0.00E+00,0.00E+00,c
0.00E+00,0.00E+00,c
0.00E+00,0.00E+00,c
0.00E+00,0.00E+00,c
0.00E+00,0.00E+00,c
0.00E+00,0.00E+00,c
0.00E+00,0.00E+00,c
0.00E+00,0.00E+00,c
0.00E+00,0.00E+00,c
0.00E+00,0.00E+00,c
0.00E+00,0.00E+00,c
0.00E+00,0.00E+00,c
0.00E+00,0.00E+00,c
0.00E+00,0.00E+00,c
0.00E+00,0.00E+00,c
0.00E+00,0.00E+00,c
0.00E+00,0.00E+00,c
0.00E+00,0.00E+00,c
0.00E+00,0.00E+00,c
0.00E+00,0.00E+00,d
0.00E+00,0.00E+00,d
0.00E+00,0.00E+00,d
0.00E+00,0.00E+00,d
0.00E+00,0.00E+00,d
0.00E+00,0.00E+00,d
0.00E+00,0.00E+00,d
0.00E+00,0.00E+00,d
0.00E+00,0.00E+00,d
0.00E+00,0.00E+00,d
0.00E+00,0.00E+00,d
0.00E+00,0.00E+00,d
0.00E+00,0.00E+00,d
0.00E+00,0.00E+00,d
0.00E+00,0.00E+00,d
0.00E+00,0.00E+00,d
0.00E+00,0.00E+00,d
0.00E+00,0.00E+00,d
0.00E+00,0.00E+00,d
0.00E+00,0.00E+00,d
0.00E+00,0.00E+00,d
0.00E+00,0.00E+00,d
0.00E+00,0.00E+00,d
0.00E+00,0.00E+00,d
0.00E+00,0.00E+00,d
0.00E+00,0.00E+00,d
0.00E+00,0.00E+00,d
0.00E+00,0.00E+00,d
0.00E+00,0.00E+00,d
0.00E+00,0.00E+00,d
0.00E+00,0.00E+00,d
0.00E+00,0.00E+00,d
0.00E+00,0.00E+00,d
0.00E+00,0.00E+00,d
0.00E+00,0.00E+00,d
0.00E+00,0.00E+00,d
0.00E+00,0.00E+00,d
0.00E+00,0.00E+00,d
0.00E+00,0.00E+00,d
0.00E+00,0.00E+00,d
0.00E+00,0.00E+00,d
0.00E+00,0.00E+00,d
0.00E+00,0.00E+00,d
0.00E+00,0.00E+00,d
0.00E+00,0.00E+00,d
0.00E+00,0.00E+00,d
0.00E+00,0.00E+00,d
0.00E+00,0.00E+00,d
0.00E+00,0.00E+00,d
0.00E+00,0.00E+00,d
0.00E+00,0.00E+00,d
0.00E+00,0.00E+00,e
0.00E+00,0.00E+00,e
0.00E+00,0.00E+00,e
0.00E+00,0.00E+00,e
0.00E+00,0.00E+00,e
0.00E+00,0.00E+00,e
0.00E+00,0.00E+00,e
0.00E+00,0.00E+00,e
0.00E+00,0.00E+00,e
0.00E+00,0.00E+00,e
0.00E+00,0.00E+00,e
0.00E+00,0.00E+00,e
0.00E+00,0.00E+00,e
0.00E+00,0.00E+00,e
0.00E+00,0.00E+00,e
0.00E+00,0.00E+00,e
0.00E+00,0.00E+00,e
0.00E+00,0.00E+00,e
0.00E+00,0.00E+00,e
0.00E+00,0.00E+00,e
0.00E+00,0.00E+00,e
0.00E+00,0.00E+00,e
0.00E+00,0.00E+00,e
0.00E+00,0.00E+00,e
0.00E+00,0.00E+00,e
0.00E+00,0.00E+00,e
0.00E+00,0.00E+00,e
0.00E+00,0.00E+00,e
0.00E+00,0.00E+00,e
0.00E+00,0.00E+00,e
0.00E+00,0.00E+00,e
0.00E+00,0.00E+00,e
0.00E+00,0.00E+00,e
0.00E+00,0.00E+00,e
0.00E+00,0.00E+00,e
0.00E+00,0.00E+00,e
0.00E+00,0.00E+00,e
0.00E+00,0.00E+00,e
0.00E+00,0.00E+00,e
0.00E+00,0.00E+00,e
0.00E+00,0.00E+00,e
0.00E+00,0.00E+00,e
0.00E+00,0.00E+00,e
0.00E+00,0.00E+00,e
0.00E+00,0.00E+00,e
0.00E+00,0.00E+00,e
0.00E+00,0.00E+00,e
0.00E+00,0.00E+00,e
0.00E+00,0.00E+00,e
0.00E+00,0.00E+00,e
0.00E+00,0.00E+00,e
0.00E+00,0.00E+00,f
0.00E+00,0.00E+00,f
0.00E+00,0.00E+00,f
0.00E+00,0.00E+00,f
0.00E+00,0.00E+00,f
0.00E+00,0.00E+00,f
0.00E+00,0.00E+00,f
0.00E+00,0.00E+00,f
0.00E+00,0.00E+00,f
0.00E+00,0.00E+00,f
0.00E+00,0.00E+00,f
0.00E+00,0.00E+00,f
0.00E+00,0.00E+00,f
0.00E+00,0.00E+00,f
0.00E+00,0.00E+00,f
0.00E+00,0.00E+00,f
0.00E+00,0.00E+00,f
0.00E+00,0.00E+00,f
0.00E+00,0.00E+00,f
0.00E+00,0.00E+00,f
0.00E+00,0.00E+00,f
0.00E+00,0.00E+00,f
0.00E+00,0.00E+00,f
0.00E+00,0.00E+00,f
0.00E+00,0.00E+00,f
0.00E+00,0.00E+00,f
0.00E+00,0.00E+00,f
0.00E+00,0.00E+00,f
0.00E+00,0.00E+00,f
0.00E+00,0.00E+00,f
0.00E+00,0.00E+00,f
0.00E+00,0.00E+00,f
0.00E+00,0.00E+00,f
0.00E+00,0.00E+00,f
0.00E+00,0.00E+00,f
0.00E+00,0.00E+00,f
0.00E+00,0.00E+00,f
0.00E+00,0.00E+00,f
0.00E+00,0.00E+00,f
0.00E+00,0.00E+00,f
0.00E+00,0.00E+00,f
0.00E+00,0.00E+00,f
0.00E+00,0.00E+00,f
0.00E+00,0.00E+00,f
0.00E+00,0.00E+00,f
0.00E+00,0.00E+00,f
0.00E+00,0.00E+00,f
0.00E+00,0.00E+00,f
0.00E+00,0.00E+00,f
0.00E+00,0.00E+00,f
0.00E+00,0.00E+00,f
0.00E+00,0.00E+00,g
0.00E+00,0.00E+00,g
0.00E+00,0.00E+00,g
0.00E+00,0.00E+00,g
0.00E+00,0.00E+00,g
0.00E+00,0.00E+00,g
0.00E+00,0.00E+00,g
0.00E+00,0.00E+00,g
0.00E+00,0.00E+00,g
0.00E+00,0.00E+00,g
0.00E+00,0.00E+00,g
0.00E+00,0.00E+00,g
0.00E+00,0.00E+00,g
0.00E+00,0.00E+00,g
0.00E+00,0.00E+00,g
0.00E+00,0.00E+00,g
0.00E+00,0.00E+00,g
0.00E+00,0.00E+00,g
0.00E+00,0.00E+00,g
0.00E+00,0.00E+00,g
0.00E+00,0.00E+00,g
0.00E+00,0.00E+00,g
0.00E+00,0.00E+00,g
0.00E+00,0.00E+00,g
0.00E+00,0.00E+00,g
0.00E+00,0.00E+00,g
0.00E+00,0.00E+00,g
0.00E+00,0.00E+00,g
0.00E+00,0.00E+00,g
0.00E+00,0.00E+00,g
0.00E+00,0.00E+00,g
0.00E+00,0.00E+00,g
0.00E+00,0.00E+00,g
0.00E+00,0.00E+00,g
0.00E+00,0.00E+00,g
0.00E+00,0.00E+00,g
0.00E+00,0.00E+00,g
0.00E+00,0.00E+00,g
0.00E+00,0.00E+00,g
0.00E+00,0.00E+00,g
0.00E+00,0.00E+00,g
0.00E+00,0.00E+00,g
0.00E+00,0.00E+00,g
0.00E+00,0.00E+00,g
0.00E+00,0.00E+00,g
0.00E+00,0.00E+00,g
0.00E+00,0.00E+00,g
0.00E+00,0.00E+00,g
0.00E+00,0.00E+00,g
0.00E+00,0.00E+00,g
0.00E+00,0.00E+00,g
0.00E+00,0.00E+00,h
0.00E+00,0.00E+00,h
0.00E+00,0.00E+00,h
0.00E+00,0.00E+00,h
0.00E+00,0.00E+00,h
0.00E+00,0.00E+00,h
0.00E+00,0.00E+00,h
0.00E+00,0.00E+00,h
0.00E+00,0.00E+00,h
0.00E+00,0.00E+00,h
0.00E+00,0.00E+00,h
0.00E+00,0.00E+00,h
0.00E+00,0.00E+00,h
0.00E+00,0.00E+00,h
0.00E+00,0.00E+00,h
0.00E+00,0.00E+00,h
0.00E+00,0.00E+00,h
0.00E+00,0.00E+00,h
0.00E+00,0.00E+00,h
0.00E+00,0.00E+00,h
0.00E+00,0.00E+00,h
0.00E+00,0.00E+00,h
0.00E+00,0.00E+00,h
0.00E+00,0.00E+00,h
0.00E+00,0.00E+00,h
0.00E+00,0.00E+00,h
0.00E+00,0.00E+00,h
0.00E+00,0.00E+00,h
0.00E+00,0.00E+00,h
0.00E+00,0.00E+00,h
0.00E+00,0.00E+00,h
0.00E+00,0.00E+00,h
0.00E+00,0.00E+00,h
0.00E+00,0.00E+00,h
0.00E+00,0.00E+00,h
0.00E+00,0.00E+00,h
0.00E+00,0.00E+00,h
0.00E+00,0.00E+00,h
0.00E+00,0.00E+00,h
0.00E+00,0.00E+00,h
0.00E+00,0.00E+00,h
0.00E+00,0.00E+00,h
0.00E+00,0.00E+00,h
0.00E+00,0.00E+00,h
0.00E+00,0.00E+00,h
0.00E+00,0.00E+00,h
0.00E+00,0.00E+00,h
0.00E+00,0.00E+00,h
0.00E+00,0.00E+00,h
0.00E+00,0.00E+00,h
0.00E+00,0.00E+00,h
0.00E+00,0.00E+00,Z
0.00E+00,0.00E+00,Z
0.00E+00,0.00E+00,Z
0.00E+00,0.00E+00,Z
0.00E+00,0.00E+00,Z
0.00E+00,0.00E+00,Z
0.00E+00,0.00E+00,Z
0.00E+00,0.00E+00,Z
0.00E+00,0.00E+00,Z
0.00E+00,0.00E+00,Z
0.00E+00,0.00E+00,Z
0.00E+00,0.00E+00,Z
0.00E+00,0.00E+00,Z
0.00E+00,0.00E+00,Z
0.00E+00,0.00E+00,Z
0.00E+00,0.00E+00,Z
0.00E+00,0.00E+00,Z
0.00E+00,0.00E+00,Z
0.00E+00,0.00E+00,Z
0.00E+00,0.00E+00,Z
0.00E+00,0.00E+00,Z
0.00E+00,0.00E+00,Z
0.00E+00,0.00E+00,Z
0.00E+00,0.00E+00,Z
0.00E+00,0.00E+00,Z
0.00E+00,0.00E+00,Z
0.00E+00,0.00E+00,Z
0.00E+00,0.00E+00,Z
0.00E+00,0.00E+00,Z
0.00E+00,0.00E+00,Z
0.00E+00,0.00E+00,Z
0.00E+00,0.00E+00,Z
0.00E+00,0.00E+00,Z
0.00E+00,0.00E+00,Z
0.00E+00,0.00E+00,Z
0.00E+00,0.00E+00,Z
0.00E+00,0.00E+00,Z
0.00E+00,0.00E+00,Z
0.00E+00,0.00E+00,Z
0.00E+00,0.00E+00,Z
0.00E+00,0.00E+00,Z
0.00E+00,0.00E+00,Z
0.00E+00,0.00E+00,Z
0.00E+00,0.00E+00,Z
0.00E+00,0.00E+00,Z
0.00E+00,0.00E+00,Z
0.00E+00,0.00E+00,Z
0.00E+00,0.00E+00,Z
0.00E+00,0.00E+00,Z
0.00E+00,0.00E+00,Z
0.00E+00,0.00E+00,Z
0.00E+00,0.00E+00,j
0.00E+00,0.00E+00,j
0.00E+00,0.00E+00,j
0.00E+00,0.00E+00,j
0.00E+00,0.00E+00,j
0.00E+00,0.00E+00,j
0.00E+00,0.00E+00,j
0.00E+00,0.00E+00,j
0.00E+00,0.00E+00,j
0.00E+00,0.00E+00,j
0.00E+00,0.00E+00,j
0.00E+00,0.00E+00,j
0.00E+00,0.00E+00,j
0.00E+00,0.00E+00,j
0.00E+00,0.00E+00,j
0.00E+00,0.00E+00,j
0.00E+00,0.00E+00,j
0.00E+00,0.00E+00,j
0.00E+00,0.00E+00,j
0.00E+00,0.00E+00,j
0.00E+00,0.00E+00,j
0.00E+00,0.00E+00,j
0.00E+00,0.00E+00,j
0.00E+00,0.00E+00,j
0.00E+00,0.00E+00,j
0.00E+00,0.00E+00,j
0.00E+00,0.00E+00,j
0.00E+00,0.00E+00,j
0.00E+00,0.00E+00,j
0.00E+00,0.00E+00,j
0.00E+00,0.00E+00,j
0.00E+00,0.00E+00,j
0.00E+00,0.00E+00,j
0.00E+00,0.00E+00,j
0.00E+00,0.00E+00,j
0.00E+00,0.00E+00,j
0.00E+00,0.00E+00,j
0.00E+00,0.00E+00,j
0.00E+00,0.00E+00,j
0.00E+00,0.00E+00,j
0.00E+00,0.00E+00,j
0.00E+00,0.00E+00,j
0.00E+00,0.00E+00,j
0.00E+00,0.00E+00,j
0.00E+00,0.00E+00,j
0.00E+00,0.00E+00,j
0.00E+00,0.00E+00,j
0.00E+00,0.00E+00,j
0.00E+00,0.00E+00,j
0.00E+00,0.00E+00,j
0.00E+00,0.00E+00,j
0.00E+00,0.00E+00,k
0.00E+00,0.00E+00,k
0.00E+00,0.00E+00,k
0.00E+00,0.00E+00,k
0.00E+00,0.00E+00,k
0.00E+00,0.00E+00,k
0.00E+00,0.00E+00,k
0.00E+00,0.00E+00,k
0.00E+00,0.00E+00,k
0.00E+00,0.00E+00,k
0.00E+00,0.00E+00,k
0.00E+00,0.00E+00,k
0.00E+00,0.00E+00,k
0.00E+00,0.00E+00,k
0.00E+00,0.00E+00,k
0.00E+00,0.00E+00,k
0.00E+00,0.00E+00,k
0.00E+00,0.00E+00,k
0.00E+00,0.00E+00,k
0.00E+00,0.00E+00,k
0.00E+00,0.00E+00,k
0.00E+00,0.00E+00,k
0.00E+00,0.00E+00,k
0.00E+00,0.00E+00,k
0.00E+00,0.00E+00,k
0.00E+00,0.00E+00,k
0.00E+00,0.00E+00,k
0.00E+00,0.00E+00,k
0.00E+00,0.00E+00,k
0.00E+00,0.00E+00,k
0.00E+00,0.00E+00,k
0.00E+00,0.00E+00,k
0.00E+00,0.00E+00,k
0.00E+00,0.00E+00,k
0.00E+00,0.00E+00,k
0.00E+00,0.00E+00,k
0.00E+00,0.00E+00,k
0.00E+00,0.00E+00,k
0.00E+00,0.00E+00,k
0.00E+00,0.00E+00,k
0.00E+00,0.00E+00,k
0.00E+00,0.00E+00,k
0.00E+00,0.00E+00,k
0.00E+00,0.00E+00,k
0.00E+00,0.00E+00,k
0.00E+00,0.00E+00,k
0.00E+00,0.00E+00,k
0.00E+00,0.00E+00,k
0.00E+00,0.00E+00,k
0.00E+00,0.00E+00,k
0.00E+00,0.00E+00,k
0.00E+00,0.00E+00,l
0.00E+00,0.00E+00,l
0.00E+00,0.00E+00,l
0.00E+00,0.00E+00,l
0.00E+00,0.00E+00,l
0.00E+00,0.00E+00,l
0.00E+00,0.00E+00,l
0.00E+00,0.00E+00,l
0.00E+00,0.00E+00,l
0.00E+00,0.00E+00,l
0.00E+00,0.00E+00,l
0.00E+00,0.00E+00,l
0.00E+00,0.00E+00,l
0.00E+00,0.00E+00,l
0.00E+00,0.00E+00,l
0.00E+00,0.00E+00,l
0.00E+00,0.00E+00,l
0.00E+00,0.00E+00,l
0.00E+00,0.00E+00,l
0.00E+00,0.00E+00,l
0.00E+00,0.00E+00,l
0.00E+00,0.00E+00,l
0.00E+00,0.00E+00,l
0.00E+00,0.00E+00,l
0.00E+00,0.00E+00,l
0.00E+00,0.00E+00,l
0.00E+00,0.00E+00,l
0.00E+00,0.00E+00,l
0.00E+00,0.00E+00,l
0.00E+00,0.00E+00,l
0.00E+00,0.00E+00,l
0.00E+00,0.00E+00,l
0.00E+00,0.00E+00,l
0.00E+00,0.00E+00,l
0.00E+00,0.00E+00,l
0.00E+00,0.00E+00,l
0.00E+00,0.00E+00,l
0.00E+00,0.00E+00,l
0.00E+00,0.00E+00,l
0.00E+00,0.00E+00,l
0.00E+00,0.00E+00,l
0.00E+00,0.00E+00,l
0.00E+00,0.00E+00,l
0.00E+00,0.00E+00,l
0.00E+00,0.00E+00,l
0.00E+00,0.00E+00,l
0.00E+00,0.00E+00,l
0.00E+00,0.00E+00,l
0.00E+00,0.00E+00,l
0.00E+00,0.00E+00,l
0.00E+00,0.00E+00,l
0.00E+00,0.00E+00,m
0.00E+00,0.00E+00,m
0.00E+00,0.00E+00,m
0.00E+00,0.00E+00,m
0.00E+00,0.00E+00,m
0.00E+00,0.00E+00,m
0.00E+00,0.00E+00,m
0.00E+00,0.00E+00,m
0.00E+00,0.00E+00,m
0.00E+00,0.00E+00,m
0.00E+00,0.00E+00,m
0.00E+00,0.00E+00,m
0.00E+00,0.00E+00,m
0.00E+00,0.00E+00,m
0.00E+00,0.00E+00,m
0.00E+00,0.00E+00,m
0.00E+00,0.00E+00,m
0.00E+00,0.00E+00,m
0.00E+00,0.00E+00,m
0.00E+00,0.00E+00,m
0.00E+00,0.00E+00,m
0.00E+00,0.00E+00,m
0.00E+00,0.00E+00,m
0.00E+00,0.00E+00,m
0.00E+00,0.00E+00,m
0.00E+00,0.00E+00,m
0.00E+00,0.00E+00,m
0.00E+00,0.00E+00,m
0.00E+00,0.00E+00,m
0.00E+00,0.00E+00,m
0.00E+00,0.00E+00,m
0.00E+00,0.00E+00,m
0.00E+00,0.00E+00,m
0.00E+00,0.00E+00,m
0.00E+00,0.00E+00,m
0.00E+00,0.00E+00,m
0.00E+00,0.00E+00,m
0.00E+00,0.00E+00,m
0.00E+00,0.00E+00,m
0.00E+00,0.00E+00,m
0.00E+00,0.00E+00,m
0.00E+00,0.00E+00,m
0.00E+00,0.00E+00,m
0.00E+00,0.00E+00,m
0.00E+00,0.00E+00,m
0.00E+00,0.00E+00,m
0.00E+00,0.00E+00,m
0.00E+00,0.00E+00,m
0.00E+00,0.00E+00,m
0.00E+00,0.00E+00,m
0.00E+00,0.00E+00,m
0.00E+00,0.00E+00,n
0.00E+00,0.00E+00,n
0.00E+00,0.00E+00,n
0.00E+00,0.00E+00,n
0.00E+00,0.00E+00,n
0.00E+00,0.00E+00,n
0.00E+00,0.00E+00,n
0.00E+00,0.00E+00,n
0.00E+00,0.00E+00,n
0.00E+00,0.00E+00,n
0.00E+00,0.00E+00,n
0.00E+00,0.00E+00,n
0.00E+00,0.00E+00,n
0.00E+00,0.00E+00,n
0.00E+00,0.00E+00,n
0.00E+00,0.00E+00,n
0.00E+00,0.00E+00,n
0.00E+00,0.00E+00,n
0.00E+00,0.00E+00,n
0.00E+00,0.00E+00,n
0.00E+00,0.00E+00,n
0.00E+00,0.00E+00,n
0.00E+00,0.00E+00,n
0.00E+00,0.00E+00,n
0.00E+00,0.00E+00,n
0.00E+00,0.00E+00,n
0.00E+00,0.00E+00,n
0.00E+00,0.00E+00,n
0.00E+00,0.00E+00,n
0.00E+00,0.00E+00,n
0.00E+00,0.00E+00,n
0.00E+00,0.00E+00,n
0.00E+00,0.00E+00,n
0.00E+00,0.00E+00,n
0.00E+00,0.00E+00,n
0.00E+00,0.00E+00,n
0.00E+00,0.00E+00,n
0.00E+00,0.00E+00,n
0.00E+00,0.00E+00,n
0.00E+00,0.00E+00,n
0.00E+00,0.00E+00,n
0.00E+00,0.00E+00,n
0.00E+00,0.00E+00,n
0.00E+00,0.00E+00,n
0.00E+00,0.00E+00,n
0.00E+00,0.00E+00,n
0.00E+00,0.00E+00,n
0.00E+00,0.00E+00,n
0.00E+00,0.00E+00,n
0.00E+00,0.00E+00,n
0.00E+00,0.00E+00,n
0.00E+00,0.00E+00,o
0.00E+00,0.00E+00,o
0.00E+00,0.00E+00,o
0.00E+00,0.00E+00,o
0.00E+00,0.00E+00,o
0.00E+00,0.00E+00,o
0.00E+00,0.00E+00,o
0.00E+00,0.00E+00,o
0.00E+00,0.00E+00,o
0.00E+00,0.00E+00,o
0.00E+00,0.00E+00,o
0.00E+00,0.00E+00,o
0.00E+00,0.00E+00,o
0.00E+00,0.00E+00,o
0.00E+00,0.00E+00,o
0.00E+00,0.00E+00,o
0.00E+00,0.00E+00,o
0.00E+00,0.00E+00,o
0.00E+00,0.00E+00,o
0.00E+00,0.00E+00,o
0.00E+00,0.00E+00,o
0.00E+00,0.00E+00,o
0.00E+00,0.00E+00,o
0.00E+00,0.00E+00,o
0.00E+00,0.00E+00,o
0.00E+00,0.00E+00,o
0.00E+00,0.00E+00,o
0.00E+00,0.00E+00,o
0.00E+00,0.00E+00,o
0.00E+00,0.00E+00,o
0.00E+00,0.00E+00,o
0.00E+00,0.00E+00,o
0.00E+00,0.00E+00,o
0.00E+00,0.00E+00,o
0.00E+00,0.00E+00,o
0.00E+00,0.00E+00,o
0.00E+00,0.00E+00,o
0.00E+00,0.00E+00,o
0.00E+00,0.00E+00,o
0.00E+00,0.00E+00,o
0.00E+00,0.00E+00,o
0.00E+00,0.00E+00,o
0.00E+00,0.00E+00,o
0.00E+00,0.00E+00,o
0.00E+00,0.00E+00,o
0.00E+00,0.00E+00,o
0.00E+00,0.00E+00,o
0.00E+00,0.00E+00,o
0.00E+00,0.00E+00,o
0.00E+00,0.00E+00,o
0.00E+00,0.00E+00,o
0.00E+00,0.00E+00,p
0.00E+00,0.00E+00,p
0.00E+00,0.00E+00,p
0.00E+00,0.00E+00,p
0.00E+00,0.00E+00,p
0.00E+00,0.00E+00,p
0.00E+00,0.00E+00,p
0.00E+00,0.00E+00,p
0.00E+00,0.00E+00,p
0.00E+00,0.00E+00,p
0.00E+00,0.00E+00,p
0.00E+00,0.00E+00,p
0.00E+00,0.00E+00,p
0.00E+00,0.00E+00,p
0.00E+00,0.00E+00,p
0.00E+00,0.00E+00,p
0.00E+00,0.00E+00,p
0.00E+00,0.00E+00,p
0.00E+00,0.00E+00,p
0.00E+00,0.00E+00,p
0.00E+00,0.00E+00,p
0.00E+00,0.00E+00,p
0.00E+00,0.00E+00,p
0.00E+00,0.00E+00,p
0.00E+00,0.00E+00,p
0.00E+00,0.00E+00,p
0.00E+00,0.00E+00,p
0.00E+00,0.00E+00,p
0.00E+00,0.00E+00,p
0.00E+00,0.00E+00,p
0.00E+00,0.00E+00,p
0.00E+00,0.00E+00,p
0.00E+00,0.00E+00,p
0.00E+00,0.00E+00,p
0.00E+00,0.00E+00,p
0.00E+00,0.00E+00,p
0.00E+00,0.00E+00,p
0.00E+00,0.00E+00,p
0.00E+00,0.00E+00,p
0.00E+00,0.00E+00,p
0.00E+00,0.00E+00,p
0.00E+00,0.00E+00,p
0.00E+00,0.00E+00,p
0.00E+00,0.00E+00,p
0.00E+00,0.00E+00,p
0.00E+00,0.00E+00,p
0.00E+00,0.00E+00,p
0.00E+00,0.00E+00,p
0.00E+00,0.00E+00,p
0.00E+00,0.00E+00,p
0.00E+00,0.00E+00,p
0.00E+00,0.00E+00,q
0.00E+00,0.00E+00,q
0.00E+00,0.00E+00,q
0.00E+00,0.00E+00,q
0.00E+00,0.00E+00,q
0.00E+00,0.00E+00,q
0.00E+00,0.00E+00,q
0.00E+00,0.00E+00,q
0.00E+00,0.00E+00,q
0.00E+00,0.00E+00,q
0.00E+00,0.00E+00,q
0.00E+00,0.00E+00,q
0.00E+00,0.00E+00,q
0.00E+00,0.00E+00,q
0.00E+00,0.00E+00,q
0.00E+00,0.00E+00,q
0.00E+00,0.00E+00,q
0.00E+00,0.00E+00,q
0.00E+00,0.00E+00,q
0.00E+00,0.00E+00,q
0.00E+00,0.00E+00,q
0.00E+00,0.00E+00,q
0.00E+00,0.00E+00,q
0.00E+00,0.00E+00,q
0.00E+00,0.00E+00,q
0.00E+00,0.00E+00,q
0.00E+00,0.00E+00,q
0.00E+00,0.00E+00,q
0.00E+00,0.00E+00,q
0.00E+00,0.00E+00,q
0.00E+00,0.00E+00,q
0.00E+00,0.00E+00,q
0.00E+00,0.00E+00,q
0.00E+00,0.00E+00,q
0.00E+00,0.00E+00,q
0.00E+00,0.00E+00,q
0.00E+00,0.00E+00,q
0.00E+00,0.00E+00,q
0.00E+00,0.00E+00,q
0.00E+00,0.00E+00,q
0.00E+00,0.00E+00,q
0.00E+00,0.00E+00,q
0.00E+00,0.00E+00,q
0.00E+00,0.00E+00,q
0.00E+00,0.00E+00,q
0.00E+00,0.00E+00,q
0.00E+00,0.00E+00,q
0.00E+00,0.00E+00,q
0.00E+00,0.00E+00,q
0.00E+00,0.00E+00,q
0.00E+00,0.00E+00,q
0.00E+00,0.00E+00,r
0.00E+00,0.00E+00,r
0.00E+00,0.00E+00,r
0.00E+00,0.00E+00,r
0.00E+00,0.00E+00,r
0.00E+00,0.00E+00,r
0.00E+00,0.00E+00,r
0.00E+00,0.00E+00,r
0.00E+00,0.00E+00,r
0.00E+00,0.00E+00,r
0.00E+00,0.00E+00,r
0.00E+00,0.00E+00,r
0.00E+00,0.00E+00,r
0.00E+00,0.00E+00,r
0.00E+00,0.00E+00,r
0.00E+00,0.00E+00,r
0.00E+00,0.00E+00,r
0.00E+00,0.00E+00,r
0.00E+00,0.00E+00,r
0.00E+00,0.00E+00,r
0.00E+00,0.00E+00,r
0.00E+00,0.00E+00,r
0.00E+00,0.00E+00,r
0.00E+00,0.00E+00,r
0.00E+00,0.00E+00,r
0.00E+00,0.00E+00,r
0.00E+00,0.00E+00,r
0.00E+00,0.00E+00,r
0.00E+00,0.00E+00,r
0.00E+00,0.00E+00,r
0.00E+00,0.00E+00,r
0.00E+00,0.00E+00,r
0.00E+00,0.00E+00,r
0.00E+00,0.00E+00,r
0.00E+00,0.00E+00,r
0.00E+00,0.00E+00,r
0.00E+00,0.00E+00,r
0.00E+00,0.00E+00,r
0.00E+00,0.00E+00,r
0.00E+00,0.00E+00,r
0.00E+00,0.00E+00,r
0.00E+00,0.00E+00,r
0.00E+00,0.00E+00,r
0.00E+00,0.00E+00,r
0.00E+00,0.00E+00,r
0.00E+00,0.00E+00,r
0.00E+00,0.00E+00,r
0.00E+00,0.00E+00,r
0.00E+00,0.00E+00,r
0.00E+00,0.00E+00,r
0.00E+00,0.00E+00,r
0.00E+00,0.00E+00,s
0.00E+00,0.00E+00,s
0.00E+00,0.00E+00,s
0.00E+00,0.00E+00,s
0.00E+00,0.00E+00,s
0.00E+00,0.00E+00,s
0.00E+00,0.00E+00,s
0.00E+00,0.00E+00,s
0.00E+00,0.00E+00,s
0.00E+00,0.00E+00,s
0.00E+00,0.00E+00,s
0.00E+00,0.00E+00,s
0.00E+00,0.00E+00,s
0.00E+00,0.00E+00,s
0.00E+00,0.00E+00,s
0.00E+00,0.00E+00,s
0.00E+00,0.00E+00,s
0.00E+00,0.00E+00,s
0.00E+00,0.00E+00,s
0.00E+00,0.00E+00,s
0.00E+00,0.00E+00,s
0.00E+00,0.00E+00,s
0.00E+00,0.00E+00,s
0.00E+00,0.00E+00,s
0.00E+00,0.00E+00,s
0.00E+00,0.00E+00,s
0.00E+00,0.00E+00,s
0.00E+00,0.00E+00,s
0.00E+00,0.00E+00,s
0.00E+00,0.00E+00,s
0.00E+00,0.00E+00,s
0.00E+00,0.00E+00,s
0.00E+00,0.00E+00,s
0.00E+00,0.00E+00,s
0.00E+00,0.00E+00,s
0.00E+00,0.00E+00,s
0.00E+00,0.00E+00,s
0.00E+00,0.00E+00,s
0.00E+00,0.00E+00,s
0.00E+00,0.00E+00,s
0.00E+00,0.00E+00,s
0.00E+00,0.00E+00,s
0.00E+00,0.00E+00,s
0.00E+00,0.00E+00,s
0.00E+00,0.00E+00,s
0.00E+00,0.00E+00,s
0.00E+00,0.00E+00,s
0.00E+00,0.00E+00,s
0.00E+00,0.00E+00,s
0.00E+00,0.00E+00,s
0.00E+00,0.00E+00,s
0.00E+00,0.00E+00,t
0.00E+00,0.00E+00,t
0.00E+00,0.00E+00,t
0.00E+00,0.00E+00,t
0.00E+00,0.00E+00,t
0.00E+00,0.00E+00,t
0.00E+00,0.00E+00,t
0.00E+00,0.00E+00,t
0.00E+00,0.00E+00,t
0.00E+00,0.00E+00,t
0.00E+00,0.00E+00,t
0.00E+00,0.00E+00,t
0.00E+00,0.00E+00,t
0.00E+00,0.00E+00,t
0.00E+00,0.00E+00,t
0.00E+00,0.00E+00,t
0.00E+00,0.00E+00,t
0.00E+00,0.00E+00,t
0.00E+00,0.00E+00,t
0.00E+00,0.00E+00,t
0.00E+00,0.00E+00,t
0.00E+00,0.00E+00,t
0.00E+00,0.00E+00,t
0.00E+00,0.00E+00,t
0.00E+00,0.00E+00,t
0.00E+00,0.00E+00,t
0.00E+00,0.00E+00,t
0.00E+00,0.00E+00,t
0.00E+00,0.00E+00,t
0.00E+00,0.00E+00,t
0.00E+00,0.00E+00,t
0.00E+00,0.00E+00,t
0.00E+00,0.00E+00,t
0.00E+00,0.00E+00,t
0.00E+00,0.00E+00,t
0.00E+00,0.00E+00,t
0.00E+00,0.00E+00,t
0.00E+00,0.00E+00,t
0.00E+00,0.00E+00,t
0.00E+00,0.00E+00,t
0.00E+00,0.00E+00,t
0.00E+00,0.00E+00,t
0.00E+00,0.00E+00,t
0.00E+00,0.00E+00,t
0.00E+00,0.00E+00,t
0.00E+00,0.00E+00,t
0.00E+00,0.00E+00,t
0.00E+00,0.00E+00,t
0.00E+00,0.00E+00,t
0.00E+00,0.00E+00,t
0.00E+00,0.00E+00,t
0.00E+00,0.00E+00,u
0.00E+00,0.00E+00,u
0.00E+00,0.00E+00,u
0.00E+00,0.00E+00,u
0.00E+00,0.00E+00,u
0.00E+00,0.00E+00,u
0.00E+00,0.00E+00,u
0.00E+00,0.00E+00,u
0.00E+00,0.00E+00,u
0.00E+00,0.00E+00,u
0.00E+00,0.00E+00,u
0.00E+00,0.00E+00,u
0.00E+00,0.00E+00,u
0.00E+00,0.00E+00,u
0.00E+00,0.00E+00,u
0.00E+00,0.00E+00,u
0.00E+00,0.00E+00,u
0.00E+00,0.00E+00,u
0.00E+00,0.00E+00,u
0.00E+00,0.00E+00,u
0.00E+00,0.00E+00,u
0.00E+00,0.00E+00,u
0.00E+00,0.00E+00,u
0.00E+00,0.00E+00,u
0.00E+00,0.00E+00,u
0.00E+00,0.00E+00,u
0.00E+00,0.00E+00,u
0.00E+00,0.00E+00,u
0.00E+00,0.00E+00,u
0.00E+00,0.00E+00,u
0.00E+00,0.00E+00,u
0.00E+00,0.00E+00,u
0.00E+00,0.00E+00,u
0.00E+00,0.00E+00,u
0.00E+00,0.00E+00,u
0.00E+00,0.00E+00,u
0.00E+00,0.00E+00,u
0.00E+00,0.00E+00,u
0.00E+00,0.00E+00,u
0.00E+00,0.00E+00,u
0.00E+00,0.00E+00,u
0.00E+00,0.00E+00,u
0.00E+00,0.00E+00,u
0.00E+00,0.00E+00,u
0.00E+00,0.00E+00,u
0.00E+00,0.00E+00,u
0.00E+00,0.00E+00,u
0.00E+00,0.00E+00,u
0.00E+00,0.00E+00,u
0.00E+00,0.00E+00,u
0.00E+00,0.00E+00,u
0.00E+00,0.00E+00,v
0.00E+00,0.00E+00,v
0.00E+00,0.00E+00,v
0.00E+00,0.00E+00,v
0.00E+00,0.00E+00,v
0.00E+00,0.00E+00,v
0.00E+00,0.00E+00,v
0.00E+00,0.00E+00,v
0.00E+00,0.00E+00,v
0.00E+00,0.00E+00,v
0.00E+00,0.00E+00,v
0.00E+00,0.00E+00,v
0.00E+00,0.00E+00,v
0.00E+00,0.00E+00,v
0.00E+00,0.00E+00,v
0.00E+00,0.00E+00,v
0.00E+00,0.00E+00,v
0.00E+00,0.00E+00,v
0.00E+00,0.00E+00,v
0.00E+00,0.00E+00,v
0.00E+00,0.00E+00,v
0.00E+00,0.00E+00,v
0.00E+00,0.00E+00,v
0.00E+00,0.00E+00,v
0.00E+00,0.00E+00,v
0.00E+00,0.00E+00,v
0.00E+00,0.00E+00,v
0.00E+00,0.00E+00,v
0.00E+00,0.00E+00,v
0.00E+00,0.00E+00,v
0.00E+00,0.00E+00,v
0.00E+00,0.00E+00,v
0.00E+00,0.00E+00,v
0.00E+00,0.00E+00,v
0.00E+00,0.00E+00,v
0.00E+00,0.00E+00,v
0.00E+00,0.00E+00,v
0.00E+00,0.00E+00,v
0.00E+00,0.00E+00,v
0.00E+00,0.00E+00,v
0.00E+00,0.00E+00,v
0.00E+00,0.00E+00,v
0.00E+00,0.00E+00,v
0.00E+00,0.00E+00,v
0.00E+00,0.00E+00,v
0.00E+00,0.00E+00,v
0.00E+00,0.00E+00,v
0.00E+00,0.00E+00,v
0.00E+00,0.00E+00,v
0.00E+00,0.00E+00,v
0.00E+00,0.00E+00,v
0.00E+00,0.00E+00,w
0.00E+00,0.00E+00,w
0.00E+00,0.00E+00,w
0.00E+00,0.00E+00,w
0.00E+00,0.00E+00,w
0.00E+00,0.00E+00,w
0.00E+00,0.00E+00,w
0.00E+00,0.00E+00,w
0.00E+00,0.00E+00,w
0.00E+00,0.00E+00,w
0.00E+00,0.00E+00,w
0.00E+00,0.00E+00,w
0.00E+00,0.00E+00,w
0.00E+00,0.00E+00,w
0.00E+00,0.00E+00,w
0.00E+00,0.00E+00,w
0.00E+00,0.00E+00,w
0.00E+00,0.00E+00,w
0.00E+00,0.00E+00,w
0.00E+00,0.00E+00,w
0.00E+00,0.00E+00,w
0.00E+00,0.00E+00,w
0.00E+00,0.00E+00,w
0.00E+00,0.00E+00,w
0.00E+00,0.00E+00,w
0.00E+00,0.00E+00,w
0.00E+00,0.00E+00,w
0.00E+00,0.00E+00,w
0.00E+00,0.00E+00,w
0.00E+00,0.00E+00,w
0.00E+00,0.00E+00,w
0.00E+00,0.00E+00,w
0.00E+00,0.00E+00,w
0.00E+00,0.00E+00,w
0.00E+00,0.00E+00,w
0.00E+00,0.00E+00,w
0.00E+00,0.00E+00,w
0.00E+00,0.00E+00,w
0.00E+00,0.00E+00,w
0.00E+00,0.00E+00,w
0.00E+00,0.00E+00,w
0.00E+00,0.00E+00,w
0.00E+00,0.00E+00,w
0.00E+00,0.00E+00,w
0.00E+00,0.00E+00,w
0.00E+00,0.00E+00,w
0.00E+00,0.00E+00,w
0.00E+00,0.00E+00,w
0.00E+00,0.00E+00,w
0.00E+00,0.00E+00,w
0.00E+00,0.00E+00,w
0.00E+00,0.00E+00,x
0.00E+00,0.00E+00,x
0.00E+00,0.00E+00,x
0.00E+00,0.00E+00,x
0.00E+00,0.00E+00,x
0.00E+00,0.00E+00,x
0.00E+00,0.00E+00,x
0.00E+00,0.00E+00,x
0.00E+00,0.00E+00,x
0.00E+00,0.00E+00,x
0.00E+00,0.00E+00,x
0.00E+00,0.00E+00,x
0.00E+00,0.00E+00,x
0.00E+00,0.00E+00,x
0.00E+00,0.00E+00,x
0.00E+00,0.00E+00,x
0.00E+00,0.00E+00,x
0.00E+00,0.00E+00,x
0.00E+00,0.00E+00,x
0.00E+00,0.00E+00,x
0.00E+00,0.00E+00,x
0.00E+00,0.00E+00,x
0.00E+00,0.00E+00,x
0.00E+00,0.00E+00,x
0.00E+00,0.00E+00,x
0.00E+00,0.00E+00,x
0.00E+00,0.00E+00,x
0.00E+00,0.00E+00,x
0.00E+00,0.00E+00,x
0.00E+00,0.00E+00,x
0.00E+00,0.00E+00,x
0.00E+00,0.00E+00,x
0.00E+00,0.00E+00,x
0.00E+00,0.00E+00,x
0.00E+00,0.00E+00,x
0.00E+00,0.00E+00,x
0.00E+00,0.00E+00,x
0.00E+00,0.00E+00,x
0.00E+00,0.00E+00,x
0.00E+00,0.00E+00,x
0.00E+00,0.00E+00,x
0.00E+00,0.00E+00,x
0.00E+00,0.00E+00,x
0.00E+00,0.00E+00,x
0.00E+00,0.00E+00,x
0.00E+00,0.00E+00,x
0.00E+00,0.00E+00,x
0.00E+00,0.00E+00,x
0.00E+00,0.00E+00,x
0.00E+00,0.00E+00,x
0.00E+00,0.00E+00,x
0.00E+00,0.00E+00,y
0.00E+00,0.00E+00,y
0.00E+00,0.00E+00,y
0.00E+00,0.00E+00,y
0.00E+00,0.00E+00,y
0.00E+00,0.00E+00,y
0.00E+00,0.00E+00,y
0.00E+00,0.00E+00,y
0.00E+00,0.00E+00,y
0.00E+00,0.00E+00,y
0.00E+00,0.00E+00,y
0.00E+00,0.00E+00,y
0.00E+00,0.00E+00,y
0.00E+00,0.00E+00,y
0.00E+00,0.00E+00,y
0.00E+00,0.00E+00,y
0.00E+00,0.00E+00,y
0.00E+00,0.00E+00,y
0.00E+00,0.00E+00,y
0.00E+00,0.00E+00,y
0.00E+00,0.00E+00,y
0.00E+00,0.00E+00,y
0.00E+00,0.00E+00,y
0.00E+00,0.00E+00,y
0.00E+00,0.00E+00,y
0.00E+00,0.00E+00,y
0.00E+00,0.00E+00,y
0.00E+00,0.00E+00,y
0.00E+00,0.00E+00,y
0.00E+00,0.00E+00,y
0.00E+00,0.00E+00,y
0.00E+00,0.00E+00,y
0.00E+00,0.00E+00,y
0.00E+00,0.00E+00,y
0.00E+00,0.00E+00,y
0.00E+00,0.00E+00,y
0.00E+00,0.00E+00,y
0.00E+00,0.00E+00,y
0.00E+00,0.00E+00,y
0.00E+00,0.00E+00,y
0.00E+00,0.00E+00,y
0.00E+00,0.00E+00,y
0.00E+00,0.00E+00,y
0.00E+00,0.00E+00,y
0.00E+00,0.00E+00,y
0.00E+00,0.00E+00,y
0.00E+00,0.00E+00,y
0.00E+00,0.00E+00,y
0.00E+00,0.00E+00,y
0.00E+00,0.00E+00,y
0.00E+00,0.00E+00,y
0.00E+00,0.00E+00,z
0.00E+00,0.00E+00,z
0.00E+00,0.00E+00,z
0.00E+00,0.00E+00,z
0.00E+00,0.00E+00,z
0.00E+00,0.00E+00,z
0.00E+00,0.00E+00,z
0.00E+00,0.00E+00,z
0.00E+00,0.00E+00,z
0.00E+00,0.00E+00,z
0.00E+00,0.00E+00,z
0.00E+00,0.00E+00,z
0.00E+00,0.00E+00,z
0.00E+00,0.00E+00,z
0.00E+00,0.00E+00,z
0.00E+00,0.00E+00,z
0.00E+00,0.00E+00,z
0.00E+00,0.00E+00,z
0.00E+00,0.00E+00,z
0.00E+00,0.00E+00,z
0.00E+00,0.00E+00,z
0.00E+00,0.00E+00,z
0.00E+00,0.00E+00,z
0.00E+00,0.00E+00,z
0.00E+00,0.00E+00,z
0.00E+00,0.00E+00,z
0.00E+00,0.00E+00,z
0.00E+00,0.00E+00,z
0.00E+00,0.00E+00,z
0.00E+00,0.00E+00,z
0.00E+00,0.00E+00,z
0.00E+00,0.00E+00,z
0.00E+00,0.00E+00,z
0.00E+00,0.00E+00,z
0.00E+00,0.00E+00,z
0.00E+00,0.00E+00,z
0.00E+00,0.00E+00,z
0.00E+00,0.00E+00,z
0.00E+00,0.00E+00,z
0.00E+00,0.00E+00,z
0.00E+00,0.00E+00,z
0.00E+00,0.00E+00,z
0.00E+00,0.00E+00,z
0.00E+00,0.00E+00,z
0.00E+00,0.00E+00,z
0.00E+00,0.00E+00,z
0.00E+00,0.00E+00,z
0.00E+00,0.00E+00,z
0.00E+00,0.00E+00,z
0.00E+00,0.00E+00,z
0.00E+00,0.00E+00,z
0.00E+00,0.00E+00,A
0.00E+00,0.00E+00,A
0.00E+00,0.00E+00,A
0.00E+00,0.00E+00,A
0.00E+00,0.00E+00,A
0.00E+00,0.00E+00,A
0.00E+00,0.00E+00,A
0.00E+00,0.00E+00,A
0.00E+00,0.00E+00,A
0.00E+00,0.00E+00,A
0.00E+00,0.00E+00,A
0.00E+00,0.00E+00,A
0.00E+00,0.00E+00,A
0.00E+00,0.00E+00,A
0.00E+00,0.00E+00,A
0.00E+00,0.00E+00,A
0.00E+00,0.00E+00,A
0.00E+00,0.00E+00,A
0.00E+00,0.00E+00,A
0.00E+00,0.00E+00,A
0.00E+00,0.00E+00,A
0.00E+00,0.00E+00,A
0.00E+00,0.00E+00,A
0.00E+00,0.00E+00,A
0.00E+00,0.00E+00,A
0.00E+00,0.00E+00,A
0.00E+00,0.00E+00,A
0.00E+00,0.00E+00,A
0.00E+00,0.00E+00,A
0.00E+00,0.00E+00,A
0.00E+00,0.00E+00,A
0.00E+00,0.00E+00,A
0.00E+00,0.00E+00,A
0.00E+00,0.00E+00,A
0.00E+00,0.00E+00,A
0.00E+00,0.00E+00,A
0.00E+00,0.00E+00,A
0.00E+00,0.00E+00,A
0.00E+00,0.00E+00,A
0.00E+00,0.00E+00,A
0.00E+00,0.00E+00,A
0.00E+00,0.00E+00,A
0.00E+00,0.00E+00,A
0.00E+00,0.00E+00,A
0.00E+00,0.00E+00,A
0.00E+00,0.00E+00,A
0.00E+00,0.00E+00,A
0.00E+00,0.00E+00,A
0.00E+00,0.00E+00,A
0.00E+00,0.00E+00,A
0.00E+00,0.00E+00,A
0.00E+00,0.00E+00,B
0.00E+00,0.00E+00,B
0.00E+00,0.00E+00,B
0.00E+00,0.00E+00,B
0.00E+00,0.00E+00,B
0.00E+00,0.00E+00,B
0.00E+00,0.00E+00,B
0.00E+00,0.00E+00,B
0.00E+00,0.00E+00,B
0.00E+00,0.00E+00,B
0.00E+00,0.00E+00,B
0.00E+00,0.00E+00,B
0.00E+00,0.00E+00,B
0.00E+00,0.00E+00,B
0.00E+00,0.00E+00,B
0.00E+00,0.00E+00,B
0.00E+00,0.00E+00,B
0.00E+00,0.00E+00,B
0.00E+00,0.00E+00,B
0.00E+00,0.00E+00,B
0.00E+00,0.00E+00,B
0.00E+00,0.00E+00,B
0.00E+00,0.00E+00,B
0.00E+00,0.00E+00,B
0.00E+00,0.00E+00,B
0.00E+00,0.00E+00,B
0.00E+00,0.00E+00,B
0.00E+00,0.00E+00,B
0.00E+00,0.00E+00,B
0.00E+00,0.00E+00,B
0.00E+00,0.00E+00,B
0.00E+00,0.00E+00,B
0.00E+00,0.00E+00,B
0.00E+00,0.00E+00,B
0.00E+00,0.00E+00,B
0.00E+00,0.00E+00,B
0.00E+00,0.00E+00,B
0.00E+00,0.00E+00,B
0.00E+00,0.00E+00,B
0.00E+00,0.00E+00,B
0.00E+00,0.00E+00,B
0.00E+00,0.00E+00,B
0.00E+00,0.00E+00,B
0.00E+00,0.00E+00,B
0.00E+00,0.00E+00,B
0.00E+00,0.00E+00,B
0.00E+00,0.00E+00,B
0.00E+00,0.00E+00,B
0.00E+00,0.00E+00,B
0.00E+00,0.00E+00,B
0.00E+00,0.00E+00,B
0.00E+00,0.00E+00,F
0.00E+00,0.00E+00,F
0.00E+00,0.00E+00,F
0.00E+00,0.00E+00,F
0.00E+00,0.00E+00,F
0.00E+00,0.00E+00,F
0.00E+00,0.00E+00,F
0.00E+00,0.00E+00,F
0.00E+00,0.00E+00,F
0.00E+00,0.00E+00,F
0.00E+00,0.00E+00,F
0.00E+00,0.00E+00,F
0.00E+00,0.00E+00,F
0.00E+00,0.00E+00,F
0.00E+00,0.00E+00,F
0.00E+00,0.00E+00,F
0.00E+00,0.00E+00,F
0.00E+00,0.00E+00,F
0.00E+00,0.00E+00,F
0.00E+00,0.00E+00,F
0.00E+00,0.00E+00,F
0.00E+00,0.00E+00,F
0.00E+00,0.00E+00,F
0.00E+00,0.00E+00,F
0.00E+00,0.00E+00,F
0.00E+00,0.00E+00,F
0.00E+00,0.00E+00,F
0.00E+00,0.00E+00,F
0.00E+00,0.00E+00,F
0.00E+00,0.00E+00,F
0.00E+00,0.00E+00,F
0.00E+00,0.00E+00,F
0.00E+00,0.00E+00,F
0.00E+00,0.00E+00,F
0.00E+00,0.00E+00,F
0.00E+00,0.00E+00,F
0.00E+00,0.00E+00,F
0.00E+00,0.00E+00,F
0.00E+00,0.00E+00,F
0.00E+00,0.00E+00,F
0.00E+00,0.00E+00,F
0.00E+00,0.00E+00,F
0.00E+00,0.00E+00,F
0.00E+00,0.00E+00,F
0.00E+00,0.00E+00,F
0.00E+00,0.00E+00,F
0.00E+00,0.00E+00,F
0.00E+00,0.00E+00,F
0.00E+00,0.00E+00,F
0.00E+00,0.00E+00,F
0.00E+00,0.00E+00,F
0.00E+00,0.00E+00,D
0.00E+00,0.00E+00,D
0.00E+00,0.00E+00,D
0.00E+00,0.00E+00,D
0.00E+00,0.00E+00,D
0.00E+00,0.00E+00,D
0.00E+00,0.00E+00,D
0.00E+00,0.00E+00,D
0.00E+00,0.00E+00,D
0.00E+00,0.00E+00,D
0.00E+00,0.00E+00,D
0.00E+00,0.00E+00,D
0.00E+00,0.00E+00,D
0.00E+00,0.00E+00,D
0.00E+00,0.00E+00,D
0.00E+00,0.00E+00,D
0.00E+00,0.00E+00,D
0.00E+00,0.00E+00,D
0.00E+00,0.00E+00,D
0.00E+00,0.00E+00,D
0.00E+00,0.00E+00,D
0.00E+00,0.00E+00,D
0.00E+00,0.00E+00,D
0.00E+00,0.00E+00,D
0.00E+00,0.00E+00,D
0.00E+00,0.00E+00,D
0.00E+00,0.00E+00,D
0.00E+00,0.00E+00,D
0.00E+00,0.00E+00,D
0.00E+00,0.00E+00,D
0.00E+00,0.00E+00,D
0.00E+00,0.00E+00,D
0.00E+00,0.00E+00,D
0.00E+00,0.00E+00,D
0.00E+00,0.00E+00,D
0.00E+00,0.00E+00,D
0.00E+00,0.00E+00,D
0.00E+00,0.00E+00,D
0.00E+00,0.00E+00,D
0.00E+00,0.00E+00,D
0.00E+00,0.00E+00,D
0.00E+00,0.00E+00,D
0.00E+00,0.00E+00,D
0.00E+00,0.00E+00,D
0.00E+00,0.00E+00,D
0.00E+00,0.00E+00,D
0.00E+00,0.00E+00,D
0.00E+00,0.00E+00,D
0.00E+00,0.00E+00,D
0.00E+00,0.00E+00,D
0.00E+00,0.00E+00,D
0.00E+00,0.00E+00,E
0.00E+00,0.00E+00,E
0.00E+00,0.00E+00,E
0.00E+00,0.00E+00,E
0.00E+00,0.00E+00,E
0.00E+00,0.00E+00,E
0.00E+00,0.00E+00,E
0.00E+00,0.00E+00,E
0.00E+00,0.00E+00,E
0.00E+00,0.00E+00,E
0.00E+00,0.00E+00,E
0.00E+00,0.00E+00,E
0.00E+00,0.00E+00,E
0.00E+00,0.00E+00,E
0.00E+00,0.00E+00,E
0.00E+00,0.00E+00,E
0.00E+00,0.00E+00,E
0.00E+00,0.00E+00,E
0.00E+00,0.00E+00,E
0.00E+00,0.00E+00,E
0.00E+00,0.00E+00,E
0.00E+00,0.00E+00,E
0.00E+00,0.00E+00,E
0.00E+00,0.00E+00,E
0.00E+00,0.00E+00,E
0.00E+00,0.00E+00,E
0.00E+00,0.00E+00,E
0.00E+00,0.00E+00,E
0.00E+00,0.00E+00,E
0.00E+00,0.00E+00,E
0.00E+00,0.00E+00,E
0.00E+00,0.00E+00,E
0.00E+00,0.00E+00,E
0.00E+00,0.00E+00,E
0.00E+00,0.00E+00,E
0.00E+00,0.00E+00,E
0.00E+00,0.00E+00,E
0.00E+00,0.00E+00,E
0.00E+00,0.00E+00,E
0.00E+00,0.00E+00,E
0.00E+00,0.00E+00,E
0.00E+00,0.00E+00,E
0.00E+00,0.00E+00,E
0.00E+00,0.00E+00,E
0.00E+00,0.00E+00,E
0.00E+00,0.00E+00,E
0.00E+00,0.00E+00,E
0.00E+00,0.00E+00,E
0.00E+00,0.00E+00,E
0.00E+00,0.00E+00,E
0.00E+00,0.00E+00,E
0.00E+00,0.00E+00,C
0.00E+00,0.00E+00,C
0.00E+00,0.00E+00,C
0.00E+00,0.00E+00,C
0.00E+00,0.00E+00,C
0.00E+00,0.00E+00,C
0.00E+00,0.00E+00,C
0.00E+00,0.00E+00,C
0.00E+00,0.00E+00,C
0.00E+00,0.00E+00,C
0.00E+00,0.00E+00,C
0.00E+00,0.00E+00,C
0.00E+00,0.00E+00,C
0.00E+00,0.00E+00,C
0.00E+00,0.00E+00,C
0.00E+00,0.00E+00,C
0.00E+00,0.00E+00,C
0.00E+00,0.00E+00,C
0.00E+00,0.00E+00,C
0.00E+00,0.00E+00,C
0.00E+00,0.00E+00,C
0.00E+00,0.00E+00,C
0.00E+00,0.00E+00,C
0.00E+00,0.00E+00,C
0.00E+00,0.00E+00,C
0.00E+00,0.00E+00,C
0.00E+00,0.00E+00,C
0.00E+00,0.00E+00,C
0.00E+00,0.00E+00,C
0.00E+00,0.00E+00,C
0.00E+00,0.00E+00,C
0.00E+00,0.00E+00,C
0.00E+00,0.00E+00,C
0.00E+00,0.00E+00,C
0.00E+00,0.00E+00,C
0.00E+00,0.00E+00,C
0.00E+00,0.00E+00,C
0.00E+00,0.00E+00,C
0.00E+00,0.00E+00,C
0.00E+00,0.00E+00,C
0.00E+00,0.00E+00,C
0.00E+00,0.00E+00,C
0.00E+00,0.00E+00,C
0.00E+00,0.00E+00,C
0.00E+00,0.00E+00,C
0.00E+00,0.00E+00,C
0.00E+00,0.00E+00,C
0.00E+00,0.00E+00,C
0.00E+00,0.00E+00,C
0.00E+00,0.00E+00,C
0.00E+00,0.00E+00,C
0.00E+00,0.00E+00,G
0.00E+00,0.00E+00,G
0.00E+00,0.00E+00,G
0.00E+00,0.00E+00,G
0.00E+00,0.00E+00,G
0.00E+00,0.00E+00,G
0.00E+00,0.00E+00,G
0.00E+00,0.00E+00,G
0.00E+00,0.00E+00,G
0.00E+00,0.00E+00,G
0.00E+00,0.00E+00,G
0.00E+00,0.00E+00,G
0.00E+00,0.00E+00,G
0.00E+00,0.00E+00,G
0.00E+00,0.00E+00,G
0.00E+00,0.00E+00,G
0.00E+00,0.00E+00,G
0.00E+00,0.00E+00,G
0.00E+00,0.00E+00,G
0.00E+00,0.00E+00,G
0.00E+00,0.00E+00,G
0.00E+00,0.00E+00,G
0.00E+00,0.00E+00,G
0.00E+00,0.00E+00,G
0.00E+00,0.00E+00,G
0.00E+00,0.00E+00,G
0.00E+00,0.00E+00,G
0.00E+00,0.00E+00,G
0.00E+00,0.00E+00,G
0.00E+00,0.00E+00,G
0.00E+00,0.00E+00,G
0.00E+00,0.00E+00,G
0.00E+00,0.00E+00,G
0.00E+00,0.00E+00,G
0.00E+00,0.00E+00,G
0.00E+00,0.00E+00,G
0.00E+00,0.00E+00,G
0.00E+00,0.00E+00,G
0.00E+00,0.00E+00,G
0.00E+00,0.00E+00,G
0.00E+00,0.00E+00,G
0.00E+00,0.00E+00,G
0.00E+00,0.00E+00,G
0.00E+00,0.00E+00,G
0.00E+00,0.00E+00,G
0.00E+00,0.00E+00,G
0.00E+00,0.00E+00,G
0.00E+00,0.00E+00,G
0.00E+00,0.00E+00,G
0.00E+00,0.00E+00,G
0.00E+00,0.00E+00,G
0.00E+00,0.00E+00,H
0.00E+00,0.00E+00,H
0.00E+00,0.00E+00,H
0.00E+00,0.00E+00,H
0.00E+00,0.00E+00,H
0.00E+00,0.00E+00,H
0.00E+00,0.00E+00,H
0.00E+00,0.00E+00,H
0.00E+00,0.00E+00,H
0.00E+00,0.00E+00,H
0.00E+00,0.00E+00,H
0.00E+00,0.00E+00,H
0.00E+00,0.00E+00,H
0.00E+00,0.00E+00,H
0.00E+00,0.00E+00,H
0.00E+00,0.00E+00,H
0.00E+00,0.00E+00,H
0.00E+00,0.00E+00,H
0.00E+00,0.00E+00,H
0.00E+00,0.00E+00,H
0.00E+00,0.00E+00,H
0.00E+00,0.00E+00,H
0.00E+00,0.00E+00,H
0.00E+00,0.00E+00,H
0.00E+00,0.00E+00,H
0.00E+00,0.00E+00,H
0.00E+00,0.00E+00,H
0.00E+00,0.00E+00,H
0.00E+00,0.00E+00,H
0.00E+00,0.00E+00,H
0.00E+00,0.00E+00,H
0.00E+00,0.00E+00,H
0.00E+00,0.00E+00,H
0.00E+00,0.00E+00,H
0.00E+00,0.00E+00,H
0.00E+00,0.00E+00,H
0.00E+00,0.00E+00,H
0.00E+00,0.00E+00,H
0.00E+00,0.00E+00,H
0.00E+00,0.00E+00,H
0.00E+00,0.00E+00,H
0.00E+00,0.00E+00,H
0.00E+00,0.00E+00,H
0.00E+00,0.00E+00,H
0.00E+00,0.00E+00,H
0.00E+00,0.00E+00,H
0.00E+00,0.00E+00,H
0.00E+00,0.00E+00,H
0.00E+00,0.00E+00,H
0.00E+00,0.00E+00,H
0.00E+00,0.00E+00,H
0.00E+00,0.00E+00,I
0.00E+00,0.00E+00,I
0.00E+00,0.00E+00,I
0.00E+00,0.00E+00,I
0.00E+00,0.00E+00,I
0.00E+00,0.00E+00,I
0.00E+00,0.00E+00,I
0.00E+00,0.00E+00,I
0.00E+00,0.00E+00,I
0.00E+00,0.00E+00,I
0.00E+00,0.00E+00,I
0.00E+00,0.00E+00,I
0.00E+00,0.00E+00,I
0.00E+00,0.00E+00,I
0.00E+00,0.00E+00,I
0.00E+00,0.00E+00,I
0.00E+00,0.00E+00,I
0.00E+00,0.00E+00,I
0.00E+00,0.00E+00,I
0.00E+00,0.00E+00,I
0.00E+00,0.00E+00,I
0.00E+00,0.00E+00,I
0.00E+00,0.00E+00,I
0.00E+00,0.00E+00,I
0.00E+00,0.00E+00,I
0.00E+00,0.00E+00,I
0.00E+00,0.00E+00,I
0.00E+00,0.00E+00,I
0.00E+00,0.00E+00,I
0.00E+00,0.00E+00,I
0.00E+00,0.00E+00,I
0.00E+00,0.00E+00,I
0.00E+00,0.00E+00,I
0.00E+00,0.00E+00,I
0.00E+00,0.00E+00,I
0.00E+00,0.00E+00,I
0.00E+00,0.00E+00,I
0.00E+00,0.00E+00,I
0.00E+00,0.00E+00,I
0.00E+00,0.00E+00,I
0.00E+00,0.00E+00,I
0.00E+00,0.00E+00,I
0.00E+00,0.00E+00,I
0.00E+00,0.00E+00,I
0.00E+00,0.00E+00,I
0.00E+00,0.00E+00,I
0.00E+00,0.00E+00,I
0.00E+00,0.00E+00,I
0.00E+00,0.00E+00,I
0.00E+00,0.00E+00,I
0.00E+00,0.00E+00,I
0.00E+00,0.00E+00,J
0.00E+00,0.00E+00,J
0.00E+00,0.00E+00,J
0.00E+00,0.00E+00,J
0.00E+00,0.00E+00,J
0.00E+00,0.00E+00,J
0.00E+00,0.00E+00,J
0.00E+00,0.00E+00,J
0.00E+00,0.00E+00,J
0.00E+00,0.00E+00,J
0.00E+00,0.00E+00,J
0.00E+00,0.00E+00,J
0.00E+00,0.00E+00,J
0.00E+00,0.00E+00,J
0.00E+00,0.00E+00,J
0.00E+00,0.00E+00,J
0.00E+00,0.00E+00,J
0.00E+00,0.00E+00,J
0.00E+00,0.00E+00,J
0.00E+00,0.00E+00,J
0.00E+00,0.00E+00,J
0.00E+00,0.00E+00,J
0.00E+00,0.00E+00,J
0.00E+00,0.00E+00,J
0.00E+00,0.00E+00,J
0.00E+00,0.00E+00,J
0.00E+00,0.00E+00,J
0.00E+00,0.00E+00,J
0.00E+00,0.00E+00,J
0.00E+00,0.00E+00,J
0.00E+00,0.00E+00,J
0.00E+00,0.00E+00,J
0.00E+00,0.00E+00,J
0.00E+00,0.00E+00,J
0.00E+00,0.00E+00,J
0.00E+00,0.00E+00,J
0.00E+00,0.00E+00,J
0.00E+00,0.00E+00,J
0.00E+00,0.00E+00,J
0.00E+00,0.00E+00,J
0.00E+00,0.00E+00,J
0.00E+00,0.00E+00,J
0.00E+00,0.00E+00,J
0.00E+00,0.00E+00,J
0.00E+00,0.00E+00,J
0.00E+00,0.00E+00,J
0.00E+00,0.00E+00,J
0.00E+00,0.00E+00,J
0.00E+00,0.00E+00,J
0.00E+00,0.00E+00,J
0.00E+00,0.00E+00,J
0.00E+00,0.00E+00,K
0.00E+00,0.00E+00,K
0.00E+00,0.00E+00,K
0.00E+00,0.00E+00,K
0.00E+00,0.00E+00,K
0.00E+00,0.00E+00,K
0.00E+00,0.00E+00,K
0.00E+00,0.00E+00,K
0.00E+00,0.00E+00,K
0.00E+00,0.00E+00,K
0.00E+00,0.00E+00,K
0.00E+00,0.00E+00,K
0.00E+00,0.00E+00,K
0.00E+00,0.00E+00,K
0.00E+00,0.00E+00,K
0.00E+00,0.00E+00,K
0.00E+00,0.00E+00,K
0.00E+00,0.00E+00,K
0.00E+00,0.00E+00,K
0.00E+00,0.00E+00,K
0.00E+00,0.00E+00,K
0.00E+00,0.00E+00,K
0.00E+00,0.00E+00,K
0.00E+00,0.00E+00,K
0.00E+00,0.00E+00,K
0.00E+00,0.00E+00,K
0.00E+00,0.00E+00,K
0.00E+00,0.00E+00,K
0.00E+00,0.00E+00,K
0.00E+00,0.00E+00,K
0.00E+00,0.00E+00,K
0.00E+00,0.00E+00,K
0.00E+00,0.00E+00,K
0.00E+00,0.00E+00,K
0.00E+00,0.00E+00,K
0.00E+00,0.00E+00,K
0.00E+00,0.00E+00,K
0.00E+00,0.00E+00,K
0.00E+00,0.00E+00,K
0.00E+00,0.00E+00,K
0.00E+00,0.00E+00,K
0.00E+00,0.00E+00,K
0.00E+00,0.00E+00,K
0.00E+00,0.00E+00,K
0.00E+00,0.00E+00,K
0.00E+00,0.00E+00,K
0.00E+00,0.00E+00,K
0.00E+00,0.00E+00,K
0.00E+00,0.00E+00,K
0.00E+00,0.00E+00,K
0.00E+00,0.00E+00,K
0.00E+00,0.00E+00,L
0.00E+00,0.00E+00,L
0.00E+00,0.00E+00,L
0.00E+00,0.00E+00,L
0.00E+00,0.00E+00,L
0.00E+00,0.00E+00,L
0.00E+00,0.00E+00,L
0.00E+00,0.00E+00,L
0.00E+00,0.00E+00,L
0.00E+00,0.00E+00,L
0.00E+00,0.00E+00,L
0.00E+00,0.00E+00,L
0.00E+00,0.00E+00,L
0.00E+00,0.00E+00,L
0.00E+00,0.00E+00,L
0.00E+00,0.00E+00,L
0.00E+00,0.00E+00,L
0.00E+00,0.00E+00,L
0.00E+00,0.00E+00,L
0.00E+00,0.00E+00,L
0.00E+00,0.00E+00,L
0.00E+00,0.00E+00,L
0.00E+00,0.00E+00,L
0.00E+00,0.00E+00,L
0.00E+00,0.00E+00,L
0.00E+00,0.00E+00,L
0.00E+00,0.00E+00,L
0.00E+00,0.00E+00,L
0.00E+00,0.00E+00,L
0.00E+00,0.00E+00,L
0.00E+00,0.00E+00,L
0.00E+00,0.00E+00,L
0.00E+00,0.00E+00,L
0.00E+00,0.00E+00,L
0.00E+00,0.00E+00,L
0.00E+00,0.00E+00,L
0.00E+00,0.00E+00,L
0.00E+00,0.00E+00,L
0.00E+00,0.00E+00,L
0.00E+00,0.00E+00,L
0.00E+00,0.00E+00,L
0.00E+00,0.00E+00,L
0.00E+00,0.00E+00,L
0.00E+00,0.00E+00,L
0.00E+00,0.00E+00,L
0.00E+00,0.00E+00,L
0.00E+00,0.00E+00,L
0.00E+00,0.00E+00,L
0.00E+00,0.00E+00,L
0.00E+00,0.00E+00,L
0.00E+00,0.00E+00,L
0.00E+00,0.00E+00,M
0.00E+00,0.00E+00,M
0.00E+00,0.00E+00,M
0.00E+00,0.00E+00,M
0.00E+00,0.00E+00,M
0.00E+00,0.00E+00,M
0.00E+00,0.00E+00,M
0.00E+00,0.00E+00,M
0.00E+00,0.00E+00,M
0.00E+00,0.00E+00,M
0.00E+00,0.00E+00,M
0.00E+00,0.00E+00,M
0.00E+00,0.00E+00,M
0.00E+00,0.00E+00,M
0.00E+00,0.00E+00,M
0.00E+00,0.00E+00,M
0.00E+00,0.00E+00,M
0.00E+00,0.00E+00,M
0.00E+00,0.00E+00,M
0.00E+00,0.00E+00,M
0.00E+00,0.00E+00,M
0.00E+00,0.00E+00,M
0.00E+00,0.00E+00,M
0.00E+00,0.00E+00,M
0.00E+00,0.00E+00,M
0.00E+00,0.00E+00,M
0.00E+00,0.00E+00,M
0.00E+00,0.00E+00,M
0.00E+00,0.00E+00,M
0.00E+00,0.00E+00,M
0.00E+00,0.00E+00,M
0.00E+00,0.00E+00,M
0.00E+00,0.00E+00,M
0.00E+00,0.00E+00,M
0.00E+00,0.00E+00,M
0.00E+00,0.00E+00,M
0.00E+00,0.00E+00,M
0.00E+00,0.00E+00,M
0.00E+00,0.00E+00,M
0.00E+00,0.00E+00,M
0.00E+00,0.00E+00,M
0.00E+00,0.00E+00,M
0.00E+00,0.00E+00,M
0.00E+00,0.00E+00,M
0.00E+00,0.00E+00,M
0.00E+00,0.00E+00,M
0.00E+00,0.00E+00,M
0.00E+00,0.00E+00,M
0.00E+00,0.00E+00,M
0.00E+00,0.00E+00,M
0.00E+00,0.00E+00,M
0.00E+00,0.00E+00,N
0.00E+00,0.00E+00,N
0.00E+00,0.00E+00,N
0.00E+00,0.00E+00,N
0.00E+00,0.00E+00,N
0.00E+00,0.00E+00,N
0.00E+00,0.00E+00,N
0.00E+00,0.00E+00,N
0.00E+00,0.00E+00,N
0.00E+00,0.00E+00,N
0.00E+00,0.00E+00,N
0.00E+00,0.00E+00,N
0.00E+00,0.00E+00,N
0.00E+00,0.00E+00,N
0.00E+00,0.00E+00,N
0.00E+00,0.00E+00,N
0.00E+00,0.00E+00,N
0.00E+00,0.00E+00,N
0.00E+00,0.00E+00,N
0.00E+00,0.00E+00,N
0.00E+00,0.00E+00,N
0.00E+00,0.00E+00,N
0.00E+00,0.00E+00,N
0.00E+00,0.00E+00,N
0.00E+00,0.00E+00,N
0.00E+00,0.00E+00,N
0.00E+00,0.00E+00,N
0.00E+00,0.00E+00,N
0.00E+00,0.00E+00,N
0.00E+00,0.00E+00,N
0.00E+00,0.00E+00,N
0.00E+00,0.00E+00,N
0.00E+00,0.00E+00,N
0.00E+00,0.00E+00,N
0.00E+00,0.00E+00,N
0.00E+00,0.00E+00,N
0.00E+00,0.00E+00,N
0.00E+00,0.00E+00,N
0.00E+00,0.00E+00,N
0.00E+00,0.00E+00,N
0.00E+00,0.00E+00,N
0.00E+00,0.00E+00,N
0.00E+00,0.00E+00,N
0.00E+00,0.00E+00,N
0.00E+00,0.00E+00,N
0.00E+00,0.00E+00,N
0.00E+00,0.00E+00,N
0.00E+00,0.00E+00,N
0.00E+00,0.00E+00,N
0.00E+00,0.00E+00,N
0.00E+00,0.00E+00,N
0.00E+00,0.00E+00,O
0.00E+00,0.00E+00,O
0.00E+00,0.00E+00,O
0.00E+00,0.00E+00,O
0.00E+00,0.00E+00,O
0.00E+00,0.00E+00,O
0.00E+00,0.00E+00,O
0.00E+00,0.00E+00,O
0.00E+00,0.00E+00,O
0.00E+00,0.00E+00,O
0.00E+00,0.00E+00,O
0.00E+00,0.00E+00,O
0.00E+00,0.00E+00,O
0.00E+00,0.00E+00,O
0.00E+00,0.00E+00,O
0.00E+00,0.00E+00,O
0.00E+00,0.00E+00,O
0.00E+00,0.00E+00,O
0.00E+00,0.00E+00,O
0.00E+00,0.00E+00,O
0.00E+00,0.00E+00,O
0.00E+00,0.00E+00,O
0.00E+00,0.00E+00,O
0.00E+00,0.00E+00,O
0.00E+00,0.00E+00,O
0.00E+00,0.00E+00,O
0.00E+00,0.00E+00,O
0.00E+00,0.00E+00,O
0.00E+00,0.00E+00,O
0.00E+00,0.00E+00,O
0.00E+00,0.00E+00,O
0.00E+00,0.00E+00,O
0.00E+00,0.00E+00,O
0.00E+00,0.00E+00,O
0.00E+00,0.00E+00,O
0.00E+00,0.00E+00,O
0.00E+00,0.00E+00,O
0.00E+00,0.00E+00,O
0.00E+00,0.00E+00,O
0.00E+00,0.00E+00,O
0.00E+00,0.00E+00,O
0.00E+00,0.00E+00,O
0.00E+00,0.00E+00,O
0.00E+00,0.00E+00,O
0.00E+00,0.00E+00,O
0.00E+00,0.00E+00,O
0.00E+00,0.00E+00,O
0.00E+00,0.00E+00,O
0.00E+00,0.00E+00,O
0.00E+00,0.00E+00,O
0.00E+00,0.00E+00,O
0.00E+00,0.00E+00,P
0.00E+00,0.00E+00,P
0.00E+00,0.00E+00,P
0.00E+00,0.00E+00,P
0.00E+00,0.00E+00,P
0.00E+00,0.00E+00,P
0.00E+00,0.00E+00,P
0.00E+00,0.00E+00,P
0.00E+00,0.00E+00,P
0.00E+00,0.00E+00,P
0.00E+00,0.00E+00,P
0.00E+00,0.00E+00,P
0.00E+00,0.00E+00,P
0.00E+00,0.00E+00,P
0.00E+00,0.00E+00,P
0.00E+00,0.00E+00,P
0.00E+00,0.00E+00,P
0.00E+00,0.00E+00,P
0.00E+00,0.00E+00,P
0.00E+00,0.00E+00,P
0.00E+00,0.00E+00,P
0.00E+00,0.00E+00,P
0.00E+00,0.00E+00,P
0.00E+00,0.00E+00,P
0.00E+00,0.00E+00,P
0.00E+00,0.00E+00,P
0.00E+00,0.00E+00,P
0.00E+00,0.00E+00,P
0.00E+00,0.00E+00,P
0.00E+00,0.00E+00,P
0.00E+00,0.00E+00,P
0.00E+00,0.00E+00,P
0.00E+00,0.00E+00,P
0.00E+00,0.00E+00,P
0.00E+00,0.00E+00,P
0.00E+00,0.00E+00,P
0.00E+00,0.00E+00,P
0.00E+00,0.00E+00,P
0.00E+00,0.00E+00,P
0.00E+00,0.00E+00,P
0.00E+00,0.00E+00,P
0.00E+00,0.00E+00,P
0.00E+00,0.00E+00,P
0.00E+00,0.00E+00,P
0.00E+00,0.00E+00,P
0.00E+00,0.00E+00,P
0.00E+00,0.00E+00,P
0.00E+00,0.00E+00,P
0.00E+00,0.00E+00,P
0.00E+00,0.00E+00,P
0.00E+00,0.00E+00,P
0.00E+00,0.00E+00,U
0.00E+00,0.00E+00,U
0.00E+00,0.00E+00,U
0.00E+00,0.00E+00,U
0.00E+00,0.00E+00,U
0.00E+00,0.00E+00,U
0.00E+00,0.00E+00,U
0.00E+00,0.00E+00,U
0.00E+00,0.00E+00,U
0.00E+00,0.00E+00,U
0.00E+00,0.00E+00,U
0.00E+00,0.00E+00,U
0.00E+00,0.00E+00,U
0.00E+00,0.00E+00,U
0.00E+00,0.00E+00,U
0.00E+00,0.00E+00,U
0.00E+00,0.00E+00,U
0.00E+00,0.00E+00,U
0.00E+00,0.00E+00,U
0.00E+00,0.00E+00,U
0.00E+00,0.00E+00,U
0.00E+00,0.00E+00,U
0.00E+00,0.00E+00,U
0.00E+00,0.00E+00,U
0.00E+00,0.00E+00,U
0.00E+00,0.00E+00,U
0.00E+00,0.00E+00,U
0.00E+00,0.00E+00,U
0.00E+00,0.00E+00,U
0.00E+00,0.00E+00,U
0.00E+00,0.00E+00,U
0.00E+00,0.00E+00,U
0.00E+00,0.00E+00,U
0.00E+00,0.00E+00,U
0.00E+00,0.00E+00,U
0.00E+00,0.00E+00,U
0.00E+00,0.00E+00,U
0.00E+00,0.00E+00,U
0.00E+00,0.00E+00,U
0.00E+00,0.00E+00,U
0.00E+00,0.00E+00,U
0.00E+00,0.00E+00,U
0.00E+00,0.00E+00,U
0.00E+00,0.00E+00,U
0.00E+00,0.00E+00,U
0.00E+00,0.00E+00,U
0.00E+00,0.00E+00,U
0.00E+00,0.00E+00,U
0.00E+00,0.00E+00,U
0.00E+00,0.00E+00,U
0.00E+00,0.00E+00,U
0.00E+00,0.00E+00,R
0.00E+00,0.00E+00,R
0.00E+00,0.00E+00,R
0.00E+00,0.00E+00,R
0.00E+00,0.00E+00,R
0.00E+00,0.00E+00,R
0.00E+00,0.00E+00,R
0.00E+00,0.00E+00,R
0.00E+00,0.00E+00,R
0.00E+00,0.00E+00,R
0.00E+00,0.00E+00,R
0.00E+00,0.00E+00,R
0.00E+00,0.00E+00,R
0.00E+00,0.00E+00,R
0.00E+00,0.00E+00,R
0.00E+00,0.00E+00,R
0.00E+00,0.00E+00,R
0.00E+00,0.00E+00,R
0.00E+00,0.00E+00,R
0.00E+00,0.00E+00,R
0.00E+00,0.00E+00,R
0.00E+00,0.00E+00,R
0.00E+00,0.00E+00,R
0.00E+00,0.00E+00,R
0.00E+00,0.00E+00,R
0.00E+00,0.00E+00,R
0.00E+00,0.00E+00,R
0.00E+00,0.00E+00,R
0.00E+00,0.00E+00,R
0.00E+00,0.00E+00,R
0.00E+00,0.00E+00,R
0.00E+00,0.00E+00,R
0.00E+00,0.00E+00,R
0.00E+00,0.00E+00,R
0.00E+00,0.00E+00,R
0.00E+00,0.00E+00,R
0.00E+00,0.00E+00,R
0.00E+00,0.00E+00,R
0.00E+00,0.00E+00,R
0.00E+00,0.00E+00,R
0.00E+00,0.00E+00,R
0.00E+00,0.00E+00,R
0.00E+00,0.00E+00,R
0.00E+00,0.00E+00,R
0.00E+00,0.00E+00,R
0.00E+00,0.00E+00,R
0.00E+00,0.00E+00,R
0.00E+00,0.00E+00,R
0.00E+00,0.00E+00,R
0.00E+00,0.00E+00,R
0.00E+00,0.00E+00,R
0.00E+00,0.00E+00,S
0.00E+00,0.00E+00,S
0.00E+00,0.00E+00,S
0.00E+00,0.00E+00,S
0.00E+00,0.00E+00,S
0.00E+00,0.00E+00,S
0.00E+00,0.00E+00,S
0.00E+00,0.00E+00,S
0.00E+00,0.00E+00,S
0.00E+00,0.00E+00,S
0.00E+00,0.00E+00,S
0.00E+00,0.00E+00,S
0.00E+00,0.00E+00,S
0.00E+00,0.00E+00,S
0.00E+00,0.00E+00,S
0.00E+00,0.00E+00,S
0.00E+00,0.00E+00,S
0.00E+00,0.00E+00,S
0.00E+00,0.00E+00,S
0.00E+00,0.00E+00,S
0.00E+00,0.00E+00,S
0.00E+00,0.00E+00,S
0.00E+00,0.00E+00,S
0.00E+00,0.00E+00,S
0.00E+00,0.00E+00,S
0.00E+00,0.00E+00,S
0.00E+00,0.00E+00,S
0.00E+00,0.00E+00,S
0.00E+00,0.00E+00,S
0.00E+00,0.00E+00,S
0.00E+00,0.00E+00,S
0.00E+00,0.00E+00,S
0.00E+00,0.00E+00,S
0.00E+00,0.00E+00,S
0.00E+00,0.00E+00,S
0.00E+00,0.00E+00,S
0.00E+00,0.00E+00,S
0.00E+00,0.00E+00,S
0.00E+00,0.00E+00,S
0.00E+00,0.00E+00,S
0.00E+00,0.00E+00,S
0.00E+00,0.00E+00,S
0.00E+00,0.00E+00,S
0.00E+00,0.00E+00,S
0.00E+00,0.00E+00,S
0.00E+00,0.00E+00,S
0.00E+00,0.00E+00,S
0.00E+00,0.00E+00,S
0.00E+00,0.00E+00,S
0.00E+00,0.00E+00,S
0.00E+00,0.00E+00,S
0.00E+00,0.00E+00,T
0.00E+00,0.00E+00,T
0.00E+00,0.00E+00,T
0.00E+00,0.00E+00,T
0.00E+00,0.00E+00,T
0.00E+00,0.00E+00,T
0.00E+00,0.00E+00,T
0.00E+00,0.00E+00,T
0.00E+00,0.00E+00,T
0.00E+00,0.00E+00,T
0.00E+00,0.00E+00,T
0.00E+00,0.00E+00,T
0.00E+00,0.00E+00,T
0.00E+00,0.00E+00,T
0.00E+00,0.00E+00,T
0.00E+00,0.00E+00,T
0.00E+00,0.00E+00,T
0.00E+00,0.00E+00,T
0.00E+00,0.00E+00,T
0.00E+00,0.00E+00,T
0.00E+00,0.00E+00,T
0.00E+00,0.00E+00,T
0.00E+00,0.00E+00,T
0.00E+00,0.00E+00,T
0.00E+00,0.00E+00,T
0.00E+00,0.00E+00,T
0.00E+00,0.00E+00,T
0.00E+00,0.00E+00,T
0.00E+00,0.00E+00,T
0.00E+00,0.00E+00,T
0.00E+00,0.00E+00,T
0.00E+00,0.00E+00,T
0.00E+00,0.00E+00,T
0.00E+00,0.00E+00,T
0.00E+00,0.00E+00,T
0.00E+00,0.00E+00,T
0.00E+00,0.00E+00,T
0.00E+00,0.00E+00,T
0.00E+00,0.00E+00,T
0.00E+00,0.00E+00,T
0.00E+00,0.00E+00,T
0.00E+00,0.00E+00,T
0.00E+00,0.00E+00,T
0.00E+00,0.00E+00,T
0.00E+00,0.00E+00,T
0.00E+00,0.00E+00,T
0.00E+00,0.00E+00,T
0.00E+00,0.00E+00,T
0.00E+00,0.00E+00,T
0.00E+00,0.00E+00,T
0.00E+00,0.00E+00,T
0.00E+00,0.00E+00,Q
0.00E+00,0.00E+00,Q
0.00E+00,0.00E+00,Q
0.00E+00,0.00E+00,Q
0.00E+00,0.00E+00,Q
0.00E+00,0.00E+00,Q
0.00E+00,0.00E+00,Q
0.00E+00,0.00E+00,Q
0.00E+00,0.00E+00,Q
0.00E+00,0.00E+00,Q
0.00E+00,0.00E+00,Q
0.00E+00,0.00E+00,Q
0.00E+00,0.00E+00,Q
0.00E+00,0.00E+00,Q
0.00E+00,0.00E+00,Q
0.00E+00,0.00E+00,Q
0.00E+00,0.00E+00,Q
0.00E+00,0.00E+00,Q
0.00E+00,0.00E+00,Q
0.00E+00,0.00E+00,Q
0.00E+00,0.00E+00,Q
0.00E+00,0.00E+00,Q
0.00E+00,0.00E+00,Q
0.00E+00,0.00E+00,Q
0.00E+00,0.00E+00,Q
0.00E+00,0.00E+00,Q
0.00E+00,0.00E+00,Q
0.00E+00,0.00E+00,Q
0.00E+00,0.00E+00,Q
0.00E+00,0.00E+00,Q
0.00E+00,0.00E+00,Q
0.00E+00,0.00E+00,Q
0.00E+00,0.00E+00,Q
0.00E+00,0.00E+00,Q
0.00E+00,0.00E+00,Q
0.00E+00,0.00E+00,Q
0.00E+00,0.00E+00,Q
0.00E+00,0.00E+00,Q
0.00E+00,0.00E+00,Q
0.00E+00,0.00E+00,Q
0.00E+00,0.00E+00,Q
0.00E+00,0.00E+00,Q
0.00E+00,0.00E+00,Q
0.00E+00,0.00E+00,Q
0.00E+00,0.00E+00,Q
0.00E+00,0.00E+00,Q
0.00E+00,0.00E+00,Q
0.00E+00,0.00E+00,Q
0.00E+00,0.00E+00,Q
0.00E+00,0.00E+00,Q
0.00E+00,0.00E+00,Q
0.00E+00,0.00E+00,V
0.00E+00,0.00E+00,V
0.00E+00,0.00E+00,V
0.00E+00,0.00E+00,V
0.00E+00,0.00E+00,V
0.00E+00,0.00E+00,V
0.00E+00,0.00E+00,V
0.00E+00,0.00E+00,V
0.00E+00,0.00E+00,V
0.00E+00,0.00E+00,V
0.00E+00,0.00E+00,V
0.00E+00,0.00E+00,V
0.00E+00,0.00E+00,V
0.00E+00,0.00E+00,V
0.00E+00,0.00E+00,V
0.00E+00,0.00E+00,V
0.00E+00,0.00E+00,V
0.00E+00,0.00E+00,V
0.00E+00,0.00E+00,V
0.00E+00,0.00E+00,V
0.00E+00,0.00E+00,V
0.00E+00,0.00E+00,V
0.00E+00,0.00E+00,V
0.00E+00,0.00E+00,V
0.00E+00,0.00E+00,V
0.00E+00,0.00E+00,V
0.00E+00,0.00E+00,V
0.00E+00,0.00E+00,V
0.00E+00,0.00E+00,V
0.00E+00,0.00E+00,V
0.00E+00,0.00E+00,V
0.00E+00,0.00E+00,V
0.00E+00,0.00E+00,V
0.00E+00,0.00E+00,V
0.00E+00,0.00E+00,V
0.00E+00,0.00E+00,V
0.00E+00,0.00E+00,V
0.00E+00,0.00E+00,V
0.00E+00,0.00E+00,V
0.00E+00,0.00E+00,V
0.00E+00,0.00E+00,V
0.00E+00,0.00E+00,V
0.00E+00,0.00E+00,V
0.00E+00,0.00E+00,V
0.00E+00,0.00E+00,V
0.00E+00,0.00E+00,V
0.00E+00,0.00E+00,V
0.00E+00,0.00E+00,V
0.00E+00,0.00E+00,V
0.00E+00,0.00E+00,V
0.00E+00,0.00E+00,V
0.00E+00,0.00E+00,W
0.00E+00,0.00E+00,W
0.00E+00,0.00E+00,W
0.00E+00,0.00E+00,W
0.00E+00,0.00E+00,W
0.00E+00,0.00E+00,W
0.00E+00,0.00E+00,W
0.00E+00,0.00E+00,W
0.00E+00,0.00E+00,W
0.00E+00,0.00E+00,W
0.00E+00,0.00E+00,W
0.00E+00,0.00E+00,W
0.00E+00,0.00E+00,W
0.00E+00,0.00E+00,W
0.00E+00,0.00E+00,W
0.00E+00,0.00E+00,W
0.00E+00,0.00E+00,W
0.00E+00,0.00E+00,W
0.00E+00,0.00E+00,W
0.00E+00,0.00E+00,W
0.00E+00,0.00E+00,W
0.00E+00,0.00E+00,W
0.00E+00,0.00E+00,W
0.00E+00,0.00E+00,W
0.00E+00,0.00E+00,W
0.00E+00,0.00E+00,W
0.00E+00,0.00E+00,W
0.00E+00,0.00E+00,W
0.00E+00,0.00E+00,W
0.00E+00,0.00E+00,W
0.00E+00,0.00E+00,W
0.00E+00,0.00E+00,W
0.00E+00,0.00E+00,W
0.00E+00,0.00E+00,W
0.00E+00,0.00E+00,W
0.00E+00,0.00E+00,W
0.00E+00,0.00E+00,W
0.00E+00,0.00E+00,W
0.00E+00,0.00E+00,W
0.00E+00,0.00E+00,W
0.00E+00,0.00E+00,W
0.00E+00,0.00E+00,W
0.00E+00,0.00E+00,W
0.00E+00,0.00E+00,W
0.00E+00,0.00E+00,W
0.00E+00,0.00E+00,W
0.00E+00,0.00E+00,W
0.00E+00,0.00E+00,W
0.00E+00,0.00E+00,W
0.00E+00,0.00E+00,W
0.00E+00,0.00E+00,W
0.00E+00,0.00E+00,X
0.00E+00,0.00E+00,X
0.00E+00,0.00E+00,X
0.00E+00,0.00E+00,X
0.00E+00,0.00E+00,X
0.00E+00,0.00E+00,X
0.00E+00,0.00E+00,X
0.00E+00,0.00E+00,X
0.00E+00,0.00E+00,X
0.00E+00,0.00E+00,X
0.00E+00,0.00E+00,X
0.00E+00,0.00E+00,X
0.00E+00,0.00E+00,X
0.00E+00,0.00E+00,X
0.00E+00,0.00E+00,X
0.00E+00,0.00E+00,X
0.00E+00,0.00E+00,X
0.00E+00,0.00E+00,X
0.00E+00,0.00E+00,X
0.00E+00,0.00E+00,X
0.00E+00,0.00E+00,X
0.00E+00,0.00E+00,X
0.00E+00,0.00E+00,X
0.00E+00,0.00E+00,X
0.00E+00,0.00E+00,X
0.00E+00,0.00E+00,X
0.00E+00,0.00E+00,X
0.00E+00,0.00E+00,X
0.00E+00,0.00E+00,X
0.00E+00,0.00E+00,X
0.00E+00,0.00E+00,X
0.00E+00,0.00E+00,X
0.00E+00,0.00E+00,X
0.00E+00,0.00E+00,X
0.00E+00,0.00E+00,X
0.00E+00,0.00E+00,X
0.00E+00,0.00E+00,X
0.00E+00,0.00E+00,X
0.00E+00,0.00E+00,X
0.00E+00,0.00E+00,X
0.00E+00,0.00E+00,X
0.00E+00,0.00E+00,X
0.00E+00,0.00E+00,X
0.00E+00,0.00E+00,X
0.00E+00,0.00E+00,X
0.00E+00,0.00E+00,X
0.00E+00,0.00E+00,X
0.00E+00,0.00E+00,X
0.00E+00,0.00E+00,X
0.00E+00,0.00E+00,X
0.00E+00,0.00E+00,X
0.00E+00,0.00E+00,Y
0.00E+00,0.00E+00,Y
0.00E+00,0.00E+00,Y
0.00E+00,0.00E+00,Y
0.00E+00,0.00E+00,Y
0.00E+00,0.00E+00,Y
0.00E+00,0.00E+00,Y
0.00E+00,0.00E+00,Y
0.00E+00,0.00E+00,Y
0.00E+00,0.00E+00,Y
0.00E+00,0.00E+00,Y
0.00E+00,0.00E+00,Y
0.00E+00,0.00E+00,Y
0.00E+00,0.00E+00,Y
0.00E+00,0.00E+00,Y
0.00E+00,0.00E+00,Y
0.00E+00,0.00E+00,Y
0.00E+00,0.00E+00,Y
0.00E+00,0.00E+00,Y
0.00E+00,0.00E+00,Y
0.00E+00,0.00E+00,Y
0.00E+00,0.00E+00,Y
0.00E+00,0.00E+00,Y
0.00E+00,0.00E+00,Y
0.00E+00,0.00E+00,Y
0.00E+00,0.00E+00,Y
0.00E+00,0.00E+00,Y
0.00E+00,0.00E+00,Y
0.00E+00,0.00E+00,Y
0.00E+00,0.00E+00,Y
0.00E+00,0.00E+00,Y
0.00E+00,0.00E+00,Y
0.00E+00,0.00E+00,Y
0.00E+00,0.00E+00,Y
0.00E+00,0.00E+00,Y
0.00E+00,0.00E+00,Y
0.00E+00,0.00E+00,Y
0.00E+00,0.00E+00,Y
0.00E+00,0.00E+00,Y
0.00E+00,0.00E+00,Y
0.00E+00,0.00E+00,Y
0.00E+00,0.00E+00,Y
0.00E+00,0.00E+00,Y
0.00E+00,0.00E+00,Y
0.00E+00,0.00E+00,Y
0.00E+00,0.00E+00,Y
0.00E+00,0.00E+00,Y
0.00E+00,0.00E+00,Y
0.00E+00,0.00E+00,Y
0.00E+00,0.00E+00,Y
0.00E+00,0.00E+00,Y
0.00E+00,0.00E+00,i
0.00E+00,0.00E+00,i
0.00E+00,0.00E+00,i
0.00E+00,0.00E+00,i
0.00E+00,0.00E+00,i
0.00E+00,0.00E+00,i
0.00E+00,0.00E+00,i
0.00E+00,0.00E+00,i
0.00E+00,0.00E+00,i
0.00E+00,0.00E+00,i
0.00E+00,0.00E+00,i
0.00E+00,0.00E+00,i
0.00E+00,0.00E+00,i
0.00E+00,0.00E+00,i
0.00E+00,0.00E+00,i
0.00E+00,0.00E+00,i
0.00E+00,0.00E+00,i
0.00E+00,0.00E+00,i
0.00E+00,0.00E+00,i
0.00E+00,0.00E+00,i
0.00E+00,0.00E+00,i
0.00E+00,0.00E+00,i
0.00E+00,0.00E+00,i
0.00E+00,0.00E+00,i
0.00E+00,0.00E+00,i
0.00E+00,0.00E+00,i
0.00E+00,0.00E+00,i
0.00E+00,0.00E+00,i
0.00E+00,0.00E+00,i
0.00E+00,0.00E+00,i
0.00E+00,0.00E+00,i
0.00E+00,0.00E+00,i
0.00E+00,0.00E+00,i
0.00E+00,0.00E+00,i
0.00E+00,0.00E+00,i
0.00E+00,0.00E+00,i
0.00E+00,0.00E+00,i
0.00E+00,0.00E+00,i
0.00E+00,0.00E+00,i
0.00E+00,0.00E+00,i
0.00E+00,0.00E+00,i
0.00E+00,0.00E+00,i
0.00E+00,0.00E+00,i
0.00E+00,0.00E+00,i
0.00E+00,0.00E+00,i
0.00E+00,0.00E+00,i
0.00E+00,0.00E+00,i
0.00E+00,0.00E+00,i
0.00E+00,0.00E+00,i
0.00E+00,0.00E+00,i
0.00E+00,0.00E+00,i
0.00E+00,0.00E+00,0
0.00E+00,0.00E+00,0
0.00E+00,0.00E+00,0
0.00E+00,0.00E+00,0
0.00E+00,0.00E+00,0
0.00E+00,0.00E+00,0
0.00E+00,0.00E+00,0
0.00E+00,0.00E+00,0
0.00E+00,0.00E+00,0
0.00E+00,0.00E+00,0
0.00E+00,0.00E+00,0
0.00E+00,0.00E+00,0
0.00E+00,0.00E+00,0
0.00E+00,0.00E+00,0
0.00E+00,0.00E+00,0
0.00E+00,0.00E+00,0
0.00E+00,0.00E+00,0
0.00E+00,0.00E+00,0
0.00E+00,0.00E+00,0
0.00E+00,0.00E+00,0
0.00E+00,0.00E+00,0
0.00E+00,0.00E+00,0
0.00E+00,0.00E+00,0
0.00E+00,0.00E+00,0
0.00E+00,0.00E+00,0
0.00E+00,0.00E+00,0
0.00E+00,0.00E+00,0
0.00E+00,0.00E+00,0
0.00E+00,0.00E+00,0
0.00E+00,0.00E+00,0
0.00E+00,0.00E+00,0
0.00E+00,0.00E+00,0
0.00E+00,0.00E+00,0
0.00E+00,0.00E+00,0
0.00E+00,0.00E+00,0
0.00E+00,0.00E+00,0
0.00E+00,0.00E+00,0
0.00E+00,0.00E+00,0
0.00E+00,0.00E+00,0
0.00E+00,0.00E+00,0
0.00E+00,0.00E+00,0
0.00E+00,0.00E+00,0
0.00E+00,0.00E+00,0
0.00E+00,0.00E+00,0
0.00E+00,0.00E+00,0
0.00E+00,0.00E+00,0
0.00E+00,0.00E+00,0
0.00E+00,0.00E+00,0
0.00E+00,0.00E+00,0
0.00E+00,0.00E+00,0
0.00E+00,0.00E+00,0
0.00E+00,0.00E+00,1
0.00E+00,0.00E+00,1
0.00E+00,0.00E+00,1
0.00E+00,0.00E+00,1
0.00E+00,0.00E+00,1
0.00E+00,0.00E+00,1
0.00E+00,0.00E+00,1
0.00E+00,0.00E+00,1
0.00E+00,0.00E+00,1
0.00E+00,0.00E+00,1
0.00E+00,0.00E+00,1
0.00E+00,0.00E+00,1
0.00E+00,0.00E+00,1
0.00E+00,0.00E+00,1
0.00E+00,0.00E+00,1
0.00E+00,0.00E+00,1
0.00E+00,0.00E+00,1
0.00E+00,0.00E+00,1
0.00E+00,0.00E+00,1
0.00E+00,0.00E+00,1
0.00E+00,0.00E+00,1
0.00E+00,0.00E+00,1
0.00E+00,0.00E+00,1
0.00E+00,0.00E+00,1
0.00E+00,0.00E+00,1
0.00E+00,0.00E+00,1
0.00E+00,0.00E+00,1
0.00E+00,0.00E+00,1
0.00E+00,0.00E+00,1
0.00E+00,0.00E+00,1
0.00E+00,0.00E+00,1
0.00E+00,0.00E+00,1
0.00E+00,0.00E+00,1
0.00E+00,0.00E+00,1
0.00E+00,0.00E+00,1
0.00E+00,0.00E+00,1
0.00E+00,0.00E+00,1
0.00E+00,0.00E+00,1
0.00E+00,0.00E+00,1
0.00E+00,0.00E+00,1
0.00E+00,0.00E+00,1
0.00E+00,0.00E+00,1
0.00E+00,0.00E+00,1
0.00E+00,0.00E+00,1
0.00E+00,0.00E+00,1
0.00E+00,0.00E+00,1
0.00E+00,0.00E+00,1
0.00E+00,0.00E+00,1
0.00E+00,0.00E+00,1
0.00E+00,0.00E+00,1
0.00E+00,0.00E+00,1
0.00E+00,0.00E+00,2
0.00E+00,0.00E+00,2
0.00E+00,0.00E+00,2
0.00E+00,0.00E+00,2
0.00E+00,0.00E+00,2
0.00E+00,0.00E+00,2
0.00E+00,0.00E+00,2
0.00E+00,0.00E+00,2
0.00E+00,0.00E+00,2
0.00E+00,0.00E+00,2
0.00E+00,0.00E+00,2
0.00E+00,0.00E+00,2
0.00E+00,0.00E+00,2
0.00E+00,0.00E+00,2
0.00E+00,0.00E+00,2
0.00E+00,0.00E+00,2
0.00E+00,0.00E+00,2
0.00E+00,0.00E+00,2
0.00E+00,0.00E+00,2
0.00E+00,0.00E+00,2
0.00E+00,0.00E+00,2
0.00E+00,0.00E+00,2
0.00E+00,0.00E+00,2
0.00E+00,0.00E+00,2
0.00E+00,0.00E+00,2
0.00E+00,0.00E+00,2
0.00E+00,0.00E+00,2
0.00E+00,0.00E+00,2
0.00E+00,0.00E+00,2
0.00E+00,0.00E+00,2
0.00E+00,0.00E+00,2
0.00E+00,0.00E+00,2
0.00E+00,0.00E+00,2
0.00E+00,0.00E+00,2
0.00E+00,0.00E+00,2
0.00E+00,0.00E+00,2
0.00E+00,0.00E+00,2
0.00E+00,0.00E+00,2
0.00E+00,0.00E+00,2
0.00E+00,0.00E+00,2
0.00E+00,0.00E+00,2
0.00E+00,0.00E+00,2
0.00E+00,0.00E+00,2
0.00E+00,0.00E+00,2
0.00E+00,0.00E+00,2
0.00E+00,0.00E+00,2
0.00E+00,0.00E+00,2
0.00E+00,0.00E+00,2
0.00E+00,0.00E+00,2
0.00E+00,0.00E+00,2
0.00E+00,0.00E+00,2
0.00E+00,0.00E+00,3
0.00E+00,0.00E+00,3
0.00E+00,0.00E+00,3
0.00E+00,0.00E+00,3
0.00E+00,0.00E+00,3
0.00E+00,0.00E+00,3
0.00E+00,0.00E+00,3
0.00E+00,0.00E+00,3
0.00E+00,0.00E+00,3
0.00E+00,0.00E+00,3
0.00E+00,0.00E+00,3
0.00E+00,0.00E+00,3
0.00E+00,0.00E+00,3
0.00E+00,0.00E+00,3
0.00E+00,0.00E+00,3
0.00E+00,0.00E+00,3
0.00E+00,0.00E+00,3
0.00E+00,0.00E+00,3
0.00E+00,0.00E+00,3
0.00E+00,0.00E+00,3
0.00E+00,0.00E+00,3
0.00E+00,0.00E+00,3
0.00E+00,0.00E+00,3
0.00E+00,0.00E+00,3
0.00E+00,0.00E+00,3
0.00E+00,0.00E+00,3
0.00E+00,0.00E+00,3
0.00E+00,0.00E+00,3
0.00E+00,0.00E+00,3
0.00E+00,0.00E+00,3
0.00E+00,0.00E+00,3
0.00E+00,0.00E+00,3
0.00E+00,0.00E+00,3
0.00E+00,0.00E+00,3
0.00E+00,0.00E+00,3
0.00E+00,0.00E+00,3
0.00E+00,0.00E+00,3
0.00E+00,0.00E+00,3
0.00E+00,0.00E+00,3
0.00E+00,0.00E+00,3
0.00E+00,0.00E+00,3
0.00E+00,0.00E+00,3
0.00E+00,0.00E+00,3
0.00E+00,0.00E+00,3
0.00E+00,0.00E+00,3
0.00E+00,0.00E+00,3
0.00E+00,0.00E+00,3
0.00E+00,0.00E+00,3
0.00E+00,0.00E+00,3
0.00E+00,0.00E+00,3
0.00E+00,0.00E+00,3
0.00E+00,0.00E+00,4
0.00E+00,0.00E+00,4
0.00E+00,0.00E+00,4
0.00E+00,0.00E+00,4
0.00E+00,0.00E+00,4
0.00E+00,0.00E+00,4
0.00E+00,0.00E+00,4
0.00E+00,0.00E+00,4
0.00E+00,0.00E+00,4
0.00E+00,0.00E+00,4
0.00E+00,0.00E+00,4
0.00E+00,0.00E+00,4
0.00E+00,0.00E+00,4
0.00E+00,0.00E+00,4
0.00E+00,0.00E+00,4
0.00E+00,0.00E+00,4
0.00E+00,0.00E+00,4
0.00E+00,0.00E+00,4
0.00E+00,0.00E+00,4
0.00E+00,0.00E+00,4
0.00E+00,0.00E+00,4
0.00E+00,0.00E+00,4
0.00E+00,0.00E+00,4
0.00E+00,0.00E+00,4
0.00E+00,0.00E+00,4
0.00E+00,0.00E+00,4
0.00E+00,0.00E+00,4
0.00E+00,0.00E+00,4
0.00E+00,0.00E+00,4
0.00E+00,0.00E+00,4
0.00E+00,0.00E+00,4
0.00E+00,0.00E+00,4
0.00E+00,0.00E+00,4
0.00E+00,0.00E+00,4
0.00E+00,0.00E+00,4
0.00E+00,0.00E+00,4
0.00E+00,0.00E+00,4
0.00E+00,0.00E+00,4
0.00E+00,0.00E+00,4
0.00E+00,0.00E+00,4
0.00E+00,0.00E+00,4
0.00E+00,0.00E+00,4
0.00E+00,0.00E+00,4
0.00E+00,0.00E+00,4
0.00E+00,0.00E+00,4
0.00E+00,0.00E+00,4
0.00E+00,0.00E+00,4
0.00E+00,0.00E+00,4
0.00E+00,0.00E+00,4
0.00E+00,0.00E+00,4
0.00E+00,0.00E+00,4
0.00E+00,0.00E+00,5
0.00E+00,0.00E+00,5
0.00E+00,0.00E+00,5
0.00E+00,0.00E+00,5
0.00E+00,0.00E+00,5
0.00E+00,0.00E+00,5
0.00E+00,0.00E+00,5
0.00E+00,0.00E+00,5
0.00E+00,0.00E+00,5
0.00E+00,0.00E+00,5
0.00E+00,0.00E+00,5
0.00E+00,0.00E+00,5
0.00E+00,0.00E+00,5
0.00E+00,0.00E+00,5
0.00E+00,0.00E+00,5
0.00E+00,0.00E+00,5
0.00E+00,0.00E+00,5
0.00E+00,0.00E+00,5
0.00E+00,0.00E+00,5
0.00E+00,0.00E+00,5
0.00E+00,0.00E+00,5
0.00E+00,0.00E+00,5
0.00E+00,0.00E+00,5
0.00E+00,0.00E+00,5
0.00E+00,0.00E+00,5
0.00E+00,0.00E+00,5
0.00E+00,0.00E+00,5
0.00E+00,0.00E+00,5
0.00E+00,0.00E+00,5
0.00E+00,0.00E+00,5
0.00E+00,0.00E+00,5
0.00E+00,0.00E+00,5
0.00E+00,0.00E+00,5
0.00E+00,0.00E+00,5
0.00E+00,0.00E+00,5
0.00E+00,0.00E+00,5
0.00E+00,0.00E+00,5
0.00E+00,0.00E+00,5
0.00E+00,0.00E+00,5
0.00E+00,0.00E+00,5
0.00E+00,0.00E+00,5
0.00E+00,0.00E+00,5
0.00E+00,0.00E+00,5
0.00E+00,0.00E+00,5
0.00E+00,0.00E+00,5
0.00E+00,0.00E+00,5
0.00E+00,0.00E+00,5
0.00E+00,0.00E+00,5
0.00E+00,0.00E+00,5
0.00E+00,0.00E+00,5
0.00E+00,0.00E+00,5
0.00E+00,0.00E+00,6
0.00E+00,0.00E+00,6
0.00E+00,0.00E+00,6
0.00E+00,0.00E+00,6
0.00E+00,0.00E+00,6
0.00E+00,0.00E+00,6
0.00E+00,0.00E+00,6
0.00E+00,0.00E+00,6
0.00E+00,0.00E+00,6
0.00E+00,0.00E+00,6
0.00E+00,0.00E+00,6
0.00E+00,0.00E+00,6
0.00E+00,0.00E+00,6
0.00E+00,0.00E+00,6
0.00E+00,0.00E+00,6
0.00E+00,0.00E+00,6
0.00E+00,0.00E+00,6
0.00E+00,0.00E+00,6
0.00E+00,0.00E+00,6
0.00E+00,0.00E+00,6
0.00E+00,0.00E+00,6
0.00E+00,0.00E+00,6
0.00E+00,0.00E+00,6
0.00E+00,0.00E+00,6
0.00E+00,0.00E+00,6
0.00E+00,0.00E+00,6
0.00E+00,0.00E+00,6
0.00E+00,0.00E+00,6
0.00E+00,0.00E+00,6
0.00E+00,0.00E+00,6
0.00E+00,0.00E+00,6
0.00E+00,0.00E+00,6
0.00E+00,0.00E+00,6
0.00E+00,0.00E+00,6
0.00E+00,0.00E+00,6
0.00E+00,0.00E+00,6
0.00E+00,0.00E+00,6
0.00E+00,0.00E+00,6
0.00E+00,0.00E+00,6
0.00E+00,0.00E+00,6
0.00E+00,0.00E+00,6
0.00E+00,0.00E+00,6
0.00E+00,0.00E+00,6
0.00E+00,0.00E+00,6
0.00E+00,0.00E+00,6
0.00E+00,0.00E+00,6
0.00E+00,0.00E+00,6
0.00E+00,0.00E+00,6
0.00E+00,0.00E+00,6
0.00E+00,0.00E+00,6
0.00E+00,0.00E+00,6
0.00E+00,0.00E+00,7
0.00E+00,0.00E+00,7
0.00E+00,0.00E+00,7
0.00E+00,0.00E+00,7
0.00E+00,0.00E+00,7
0.00E+00,0.00E+00,7
0.00E+00,0.00E+00,7
0.00E+00,0.00E+00,7
0.00E+00,0.00E+00,7
0.00E+00,0.00E+00,7
0.00E+00,0.00E+00,7
0.00E+00,0.00E+00,7
0.00E+00,0.00E+00,7
0.00E+00,0.00E+00,7
0.00E+00,0.00E+00,7
0.00E+00,0.00E+00,7
0.00E+00,0.00E+00,7
0.00E+00,0.00E+00,7
0.00E+00,0.00E+00,7
0.00E+00,0.00E+00,7
0.00E+00,0.00E+00,7
0.00E+00,0.00E+00,7
0.00E+00,0.00E+00,7
0.00E+00,0.00E+00,7
0.00E+00,0.00E+00,7
0.00E+00,0.00E+00,7
0.00E+00,0.00E+00,7
0.00E+00,0.00E+00,7
0.00E+00,0.00E+00,7
0.00E+00,0.00E+00,7
0.00E+00,0.00E+00,7
0.00E+00,0.00E+00,7
0.00E+00,0.00E+00,7
0.00E+00,0.00E+00,7
0.00E+00,0.00E+00,7
0.00E+00,0.00E+00,7
0.00E+00,0.00E+00,7
0.00E+00,0.00E+00,7
0.00E+00,0.00E+00,7
0.00E+00,0.00E+00,7
0.00E+00,0.00E+00,7
0.00E+00,0.00E+00,7
0.00E+00,0.00E+00,7
0.00E+00,0.00E+00,7
0.00E+00,0.00E+00,7
0.00E+00,0.00E+00,7
0.00E+00,0.00E+00,7
0.00E+00,0.00E+00,7
0.00E+00,0.00E+00,7
0.00E+00,0.00E+00,7
0.00E+00,0.00E+00,7
0.00E+00,0.00E+00,8
0.00E+00,0.00E+00,8
0.00E+00,0.00E+00,8
0.00E+00,0.00E+00,8
0.00E+00,0.00E+00,8
0.00E+00,0.00E+00,8
0.00E+00,0.00E+00,8
0.00E+00,0.00E+00,8
0.00E+00,0.00E+00,8
0.00E+00,0.00E+00,8
0.00E+00,0.00E+00,8
0.00E+00,0.00E+00,8
0.00E+00,0.00E+00,8
0.00E+00,0.00E+00,8
0.00E+00,0.00E+00,8
0.00E+00,0.00E+00,8
0.00E+00,0.00E+00,8
0.00E+00,0.00E+00,8
0.00E+00,0.00E+00,8
0.00E+00,0.00E+00,8
0.00E+00,0.00E+00,8
0.00E+00,0.00E+00,8
0.00E+00,0.00E+00,8
0.00E+00,0.00E+00,8
0.00E+00,0.00E+00,8
0.00E+00,0.00E+00,8
0.00E+00,0.00E+00,8
0.00E+00,0.00E+00,8
0.00E+00,0.00E+00,8
0.00E+00,0.00E+00,8
0.00E+00,0.00E+00,8
0.00E+00,0.00E+00,8
0.00E+00,0.00E+00,8
0.00E+00,0.00E+00,8
0.00E+00,0.00E+00,8
0.00E+00,0.00E+00,8
0.00E+00,0.00E+00,8
0.00E+00,0.00E+00,8
0.00E+00,0.00E+00,8
0.00E+00,0.00E+00,8
0.00E+00,0.00E+00,8
0.00E+00,0.00E+00,8
0.00E+00,0.00E+00,8
0.00E+00,0.00E+00,8
0.00E+00,0.00E+00,8
0.00E+00,0.00E+00,8
0.00E+00,0.00E+00,8
0.00E+00,0.00E+00,8
0.00E+00,0.00E+00,8
0.00E+00,0.00E+00,8
0.00E+00,0.00E+00,8
0.00E+00,0.00E+00,9
0.00E+00,0.00E+00,9
0.00E+00,0.00E+00,9
0.00E+00,0.00E+00,9
0.00E+00,0.00E+00,9
0.00E+00,0.00E+00,9
0.00E+00,0.00E+00,9
0.00E+00,0.00E+00,9
0.00E+00,0.00E+00,9
0.00E+00,0.00E+00,9
0.00E+00,0.00E+00,9
0.00E+00,0.00E+00,9
0.00E+00,0.00E+00,9
0.00E+00,0.00E+00,9
0.00E+00,0.00E+00,9
0.00E+00,0.00E+00,9
0.00E+00,0.00E+00,9
0.00E+00,0.00E+00,9
0.00E+00,0.00E+00,9
0.00E+00,0.00E+00,9
0.00E+00,0.00E+00,9
0.00E+00,0.00E+00,9
0.00E+00,0.00E+00,9
0.00E+00,0.00E+00,9
0.00E+00,0.00E+00,9
0.00E+00,0.00E+00,9
0.00E+00,0.00E+00,9
0.00E+00,0.00E+00,9
0.00E+00,0.00E+00,9
0.00E+00,0.00E+00,9
0.00E+00,0.00E+00,9
0.00E+00,0.00E+00,9
0.00E+00,0.00E+00,9
0.00E+00,0.00E+00,9
0.00E+00,0.00E+00,9
0.00E+00,0.00E+00,9
0.00E+00,0.00E+00,9
0.00E+00,0.00E+00,9
0.00E+00,0.00E+00,9
0.00E+00,0.00E+00,9
0.00E+00,0.00E+00,9
0.00E+00,0.00E+00,9
0.00E+00,0.00E+00,9
0.00E+00,0.00E+00,9
0.00E+00,0.00E+00,9
0.00E+00,0.00E+00,9
0.00E+00,0.00E+00,9
0.00E+00,0.00E+00,9
0.00E+00,0.00E+00,9
0.00E+00,0.00E+00,9
0.00E+00,0.00E+00,9
0.00E+00,0.00E+00,.
0.00E+00,0.00E+00,.
0.00E+00,0.00E+00,.
0.00E+00,0.00E+00,.
0.00E+00,0.00E+00,.
0.00E+00,0.00E+00,.
0.00E+00,0.00E+00,.
0.00E+00,0.00E+00,.
0.00E+00,0.00E+00,.
0.00E+00,0.00E+00,.
0.00E+00,0.00E+00,.
0.00E+00,0.00E+00,.
0.00E+00,0.00E+00,.
0.00E+00,0.00E+00,.
0.00E+00,0.00E+00,.
0.00E+00,0.00E+00,.
0.00E+00,0.00E+00,.
0.00E+00,0.00E+00,.
0.00E+00,0.00E+00,.
0.00E+00,0.00E+00,.
0.00E+00,0.00E+00,.
0.00E+00,0.00E+00,.
0.00E+00,0.00E+00,.
0.00E+00,0.00E+00,.
0.00E+00,0.00E+00,.
0.00E+00,0.00E+00,.
0.00E+00,0.00E+00,.
0.00E+00,0.00E+00,.
0.00E+00,0.00E+00,.
0.00E+00,0.00E+00,.
0.00E+00,0.00E+00,.
0.00E+00,0.00E+00,.
0.00E+00,0.00E+00,.
0.00E+00,0.00E+00,.
0.00E+00,0.00E+00,.
0.00E+00,0.00E+00,.
0.00E+00,0.00E+00,.
0.00E+00,0.00E+00,.
0.00E+00,0.00E+00,.
0.00E+00,0.00E+00,.
0.00E+00,0.00E+00,.
0.00E+00,0.00E+00,.
0.00E+00,0.00E+00,.
0.00E+00,0.00E+00,.
0.00E+00,0.00E+00,.
0.00E+00,0.00E+00,.
0.00E+00,0.00E+00,.
0.00E+00,0.00E+00,.
0.00E+00,0.00E+00,.
0.00E+00,0.00E+00,.
0.00E+00,0.00E+00,.
